rank,peak_rank,previous_rank,weeks_on_chart,streams,current_month,duration,release_year,release_month,trending_year,trending_month,days_to_trend
1,1,1,29,1178606,1,184.0,2023,11,2023,11,6
2,1,2,14,1087520,1,175.0,2023,12,2023,12,4
3,3,4,7,1036739,1,195.0,2023,12,2023,12,4
4,3,5,6,919584,1,292.0,2023,12,2023,12,3
5,1,3,7,856107,1,236.0,2023,12,2023,12,7
6,1,6,13,803997,1,206.0,2023,11,2023,11,6
7,2,7,25,787011,1,182.0,2023,8,2023,8,6
8,8,8,6,779397,1,195.0,2023,12,2023,12,10
9,1,9,45,757913,1,212.0,2023,3,2023,3,6
10,6,10,10,753971,1,182.0,2023,11,2023,11,8
11,10,12,7,690217,1,134.0,2023,12,2023,12,4
12,10,11,5,650436,1,183.0,2023,11,2024,1,35
13,9,14,16,597769,1,162.0,2023,10,2023,10,1
14,8,13,7,591441,1,201.0,2023,12,2023,12,4
15,1,16,101,582379,1,156.0,2023,3,2023,3,0
16,9,15,17,541317,1,231.0,2023,10,2023,10,5
17,1,20,48,540375,1,264.0,2023,8,2023,8,1
18,5,17,18,527219,1,301.0,2023,10,2023,10,1
19,3,21,48,516473,1,194.0,2023,3,2023,3,7
20,7,23,17,486506,1,227.0,2023,10,2023,10,2
21,15,19,11,481458,1,304.0,2023,11,2023,11,11
22,7,22,17,477306,1,188.0,2023,10,2023,10,7
23,11,24,17,458177,1,166.0,2023,10,2023,10,2
24,24,31,16,447416,1,202.0,2023,10,2023,10,3
25,6,26,19,444126,1,201.0,2023,9,2023,9,8
26,16,18,4,441511,1,211.0,2024,1,2024,1,6
27,7,37,41,439098,1,228.0,2023,10,2023,10,3
28,12,28,25,434991,1,215.0,2023,12,2023,12,4
29,9,32,48,434649,1,142.0,2023,3,2023,3,7
30,16,25,7,427826,1,152.0,2023,12,2023,12,4
31,2,30,85,426475,1,226.0,2022,6,2022,6,3
32,28,29,22,423272,1,155.0,2023,7,2023,9,41
33,3,39,113,414582,1,208.0,2021,12,2021,12,8
34,34,40,3,410514,1,355.0,2023,12,2024,1,35
35,2,35,78,407162,1,242.0,2022,8,2022,8,7
36,3,36,27,400229,1,272.0,2023,7,2023,8,3
37,3,27,58,399435,1,149.0,2022,11,2022,12,39
38,36,38,7,395325,1,241.0,2023,12,2023,12,9
39,2,33,119,381879,1,174.0,2021,10,2021,10,7
40,11,41,22,373676,1,198.0,2022,6,2023,9,440
41,24,45,16,370392,1,171.0,2023,10,2023,10,3
42,42,47,4,365126,1,197.0,2023,12,2024,1,27
43,3,48,41,360776,1,240.0,2023,4,2023,4,3
44,8,49,54,351259,1,279.0,2023,1,2023,1,24
45,2,34,20,349689,1,187.0,2023,9,2023,9,13
46,2,42,18,346748,1,202.0,2023,10,2023,10,3
47,12,46,23,341917,1,258.0,2023,6,2023,8,82
48,3,60,163,330701,1,200.0,2020,12,2020,12,4
49,39,43,9,329429,1,197.0,2023,12,2023,12,4
50,50,-1,1,321736,1,229.0,2024,1,2024,2,7
51,34,53,176,316677,1,178.0,2023,7,2023,7,6
52,11,50,83,315506,1,255.0,2022,6,2022,7,7
53,7,56,63,314352,1,281.0,2022,11,2022,11,2
54,5,54,162,312660,1,234.0,2020,12,2021,9,268
55,11,51,32,305255,1,245.0,2023,6,2023,6,6
56,3,59,71,301101,1,203.0,2023,3,2023,3,0
57,8,58,48,297228,1,173.0,2023,3,2023,3,7
58,4,52,93,296319,1,219.0,2022,4,2022,4,6
59,1,57,137,291157,1,172.0,2021,6,2021,6,6
60,33,55,42,288726,1,216.0,2023,3,2023,4,26
61,4,44,15,286278,1,268.0,2023,10,2023,10,7
62,2,70,59,277385,1,192.0,2022,12,2022,12,7
63,4,64,37,267280,1,161.0,2022,12,2023,1,6
64,1,62,117,261327,1,261.0,2021,9,2021,11,62
65,30,61,17,249430,1,138.0,2023,9,2023,9,6
66,46,68,60,249263,1,245.0,2021,8,2022,12,501
67,46,72,124,245842,1,193.0,2021,7,2021,7,6
68,2,67,78,244000,1,234.0,2022,7,2022,10,94
69,69,103,2,243984,1,281.0,2024,1,2024,1,5
70,53,65,12,243361,1,312.0,2023,11,2023,11,11
71,3,69,140,239558,1,247.0,2021,5,2021,6,5
72,5,77,133,234552,1,218.0,2021,8,2021,8,11
73,18,63,36,232634,1,180.0,2022,1,2023,6,487
74,30,71,16,226813,1,224.0,2023,10,2023,10,9
75,1,75,163,225752,1,302.0,2020,12,2024,1,1107
76,35,73,7,223792,1,179.0,2023,12,2023,12,4
77,1,86,134,222863,1,269.0,2021,7,2021,7,1
78,17,66,304,222372,1,262.0,2016,12,2018,4,474
79,36,78,7,219289,1,184.0,2023,12,2023,12,4
80,10,74,28,218721,1,157.0,2022,10,2023,7,272
81,45,80,13,214360,1,179.0,2023,10,2023,11,28
82,37,88,48,213329,1,244.0,2022,1,2023,3,411
83,9,81,145,211549,1,300.0,2023,3,2023,3,6
84,6,93,56,208987,1,271.0,2023,1,2023,1,8
85,61,84,86,208326,1,240.0,2019,12,2022,5,873
86,41,96,26,205027,1,232.0,2023,8,2023,8,7
87,65,85,37,204174,1,156.0,2021,5,2023,5,710
88,11,87,182,202593,1,235.0,2020,5,2021,7,423
89,79,79,13,198545,1,206.0,2022,12,2023,9,290
90,1,91,131,197399,1,240.0,2021,7,2021,8,5
91,7,82,25,197298,1,134.0,2023,8,2023,8,1
92,52,89,10,194623,1,225.0,2023,6,2023,6,9
93,48,92,7,194078,1,143.0,2023,12,2023,12,4
94,56,97,7,190785,1,217.0,2023,12,2023,12,4
95,24,100,42,189511,1,214.0,2022,7,2022,8,4
96,10,95,17,187728,1,213.0,2023,10,2023,10,7
97,10,106,150,184530,1,234.0,2020,11,2021,3,128
98,33,98,58,182878,1,302.0,2022,5,2022,12,223
99,61,76,5,180747,1,242.0,2023,12,2024,1,4
100,1,107,145,180151,1,276.0,2021,4,2024,1,977
101,6,101,115,179386,1,204.0,2020,12,2020,12,1
102,4,104,66,176818,1,257.0,2022,11,2022,11,0
103,33,99,9,176472,1,185.0,2023,11,2023,12,8
104,22,109,80,174733,1,259.0,2022,7,2022,7,4
105,18,116,58,173172,1,265.0,2022,12,2022,12,7
106,3,110,113,172981,1,158.0,2021,12,2021,12,4
107,83,114,29,172179,1,179.0,2022,9,2023,7,311
108,39,123,24,170018,1,317.0,2023,8,2023,8,11
109,17,105,28,169649,1,235.0,2023,7,2023,7,7
110,19,119,65,167009,1,218.0,2019,7,2022,11,1221
111,18,122,92,166652,1,258.0,2022,5,2022,5,2
112,112,-1,1,166639,1,289.0,2024,1,2024,2,6
113,5,102,40,166314,1,178.0,2019,8,2019,8,6
114,60,132,56,165242,1,170.0,2022,12,2023,1,33
115,15,141,213,165048,1,215.0,2018,4,2020,7,830
116,52,108,15,164861,1,140.0,2023,10,2023,10,16
117,27,129,79,161829,1,222.0,2022,7,2022,8,11
118,61,118,84,161485,1,120.0,2019,12,2021,8,607
119,1,111,164,161462,1,279.0,2022,9,2022,9,6
120,1,133,223,161138,1,253.0,2019,10,2019,10,10
121,117,117,3,159641,1,168.0,2023,10,2024,1,92
122,41,113,9,157732,1,192.0,2022,12,2023,12,371
123,5,125,182,157267,1,272.0,2020,8,2020,8,5
124,57,127,9,156269,1,171.0,2023,12,2023,12,4
125,10,134,214,156051,1,222.0,2019,12,2019,12,13
126,20,137,87,155676,1,231.0,2018,1,2022,6,1620
127,8,124,73,155516,1,197.0,2022,8,2022,9,28
128,3,94,6,155394,1,223.0,2023,12,2023,12,6
129,103,112,43,155035,1,139.0,2020,11,2020,11,10
130,26,121,13,153628,1,200.0,2023,10,2023,11,9
131,59,150,171,153192,1,200.0,2020,6,2020,7,48
132,2,138,190,153015,1,166.0,2018,8,2018,9,25
133,133,146,2,152984,1,194.0,2024,1,2024,1,12
134,106,131,67,152838,1,270.0,2022,3,2022,9,157
135,22,120,37,151540,1,194.0,2023,4,2023,5,4
136,87,140,135,150821,1,244.0,2021,6,2022,3,269
137,82,139,82,149706,1,281.0,2018,8,2022,12,1592
138,51,161,16,149246,1,201.0,2023,10,2023,10,3
139,13,171,74,148874,1,217.0,2020,6,2020,7,3
140,35,136,171,148539,1,293.0,2017,4,2024,1,2466
141,19,128,68,148210,1,277.0,2022,9,2022,9,6
142,1,135,284,146199,1,221.0,2018,8,2018,8,6
143,8,145,49,145618,1,205.0,2023,8,2023,8,15
144,8,144,143,145479,1,172.0,2022,1,2022,1,6
145,4,126,50,144941,1,204.0,2023,2,2023,2,9
146,64,149,176,143757,1,237.0,2017,12,2021,6,1280
147,83,143,42,143670,1,296.0,2022,12,2022,12,3
148,56,155,108,142259,1,219.0,2021,2,2021,2,11
149,8,-1,30,142159,1,241.0,2023,5,2023,5,5
150,27,148,135,141317,1,237.0,2021,6,2021,7,10
151,115,115,3,141230,1,182.0,2024,1,2024,1,5
152,35,158,192,140935,1,259.0,2018,3,2018,11,219
153,76,152,85,139747,1,283.0,2020,7,2020,7,10
154,147,147,9,139557,1,229.0,2022,12,2022,12,17
155,2,167,101,139003,1,209.0,2022,2,2022,2,6
156,156,159,9,138936,1,214.0,2022,11,2023,10,324
157,1,160,244,137843,1,276.0,2019,1,2024,1,1826
158,6,83,5,136951,1,153.0,2023,12,2024,1,5
159,125,130,4,136912,1,235.0,2023,6,2024,1,217
160,7,169,84,134238,1,322.0,2022,6,2022,6,7
161,104,151,34,134098,1,303.0,2023,4,2023,6,69
162,58,168,134,134017,1,165.0,2021,6,2022,3,269
163,22,156,178,133270,1,259.0,2019,4,2024,1,1723
164,27,162,153,133077,1,269.0,2021,2,2021,2,7
165,1,163,106,132605,1,258.0,2022,9,2022,9,6
166,2,170,181,131898,1,254.0,2020,12,2020,12,1
167,9,175,80,131722,1,242.0,2022,7,2024,1,526
168,39,153,13,131684,1,185.0,2023,10,2023,10,2
169,51,-1,11,131082,1,202.0,2017,1,2018,3,422
170,73,192,13,130939,1,211.0,2023,5,2023,5,8
171,95,173,38,130571,1,273.0,2023,4,2023,5,24
172,3,166,175,128546,1,293.0,2021,5,2024,1,971
173,65,174,55,128221,1,176.0,2021,12,2021,12,20
174,38,90,3,127909,1,215.0,2024,1,2024,1,6
175,114,197,54,127777,1,286.0,2019,9,2023,1,1232
176,53,182,12,126436,1,226.0,2021,12,2022,1,9
177,107,157,17,126129,1,132.0,2023,9,2023,9,6
178,142,142,14,125435,1,169.0,2023,4,2023,8,119
179,6,178,101,124094,1,232.0,2021,4,2021,4,7
180,137,172,8,123980,1,206.0,2019,1,2023,12,1808
181,6,-1,115,123583,1,225.0,2020,12,2020,12,2
182,6,-1,24,123030,1,257.0,2023,10,2024,1,69
183,66,164,22,122349,1,140.0,2022,2,2022,2,7
184,60,-1,8,122078,1,247.0,2017,4,2021,2,1412
185,36,185,66,121872,1,261.0,2022,7,2023,6,325
186,132,188,78,121808,1,262.0,2016,1,2022,8,2414
187,5,190,246,121548,1,260.0,2017,4,2024,1,2466
188,26,187,173,120139,1,203.0,2020,8,2020,9,7
189,16,-1,112,119961,1,189.0,2020,1,2024,1,1457
190,62,189,23,119770,1,171.0,2023,8,2023,8,8
191,52,186,53,119733,1,254.0,2020,6,2020,7,3
192,116,181,15,118963,1,214.0,2023,4,2023,10,168
193,70,183,100,118752,1,231.0,2018,11,2022,2,1185
194,154,154,3,118207,1,263.0,2024,1,2024,1,7
195,14,165,51,118144,1,223.0,2023,2,2023,2,7
196,6,179,66,117723,1,209.0,2022,9,2022,9,6
197,4,193,138,116748,1,228.0,2021,4,2021,4,2
198,5,-1,37,116336,1,127.0,2023,4,2023,5,4
199,82,184,15,116005,1,265.0,2023,9,2023,9,8
200,10,-1,23,116004,1,147.0,2023,8,2023,8,8
1,1,1,33,1217784,2,184.0,2023,11,2023,11,6
2,1,2,17,977406,2,211.0,2024,2,2024,2,1
3,3,3,2,964968,2,250.0,2024,2,2024,2,8
4,1,4,18,716244,2,175.0,2023,12,2023,12,4
5,1,5,11,713740,2,236.0,2023,12,2023,12,7
6,2,6,29,670047,2,182.0,2023,8,2023,8,6
7,1,9,49,629853,2,212.0,2023,3,2023,3,6
8,3,10,10,562293,2,292.0,2023,12,2023,12,3
9,3,8,11,553185,2,195.0,2023,12,2023,12,4
10,6,11,14,523509,2,182.0,2023,11,2023,11,8
11,11,15,15,511846,2,304.0,2023,11,2023,11,11
12,8,12,10,499994,2,195.0,2023,12,2023,12,10
13,9,13,20,472587,2,162.0,2023,10,2023,10,1
14,1,18,52,456039,2,264.0,2023,8,2023,8,1
15,7,16,45,448392,2,228.0,2023,10,2023,10,3
16,10,17,9,447977,2,183.0,2023,11,2024,1,35
17,14,19,8,446788,2,197.0,2023,12,2024,1,27
18,9,14,11,446547,2,134.0,2023,12,2023,12,4
19,1,20,105,424279,2,156.0,2023,3,2023,3,0
20,5,21,22,415461,2,301.0,2023,10,2023,10,1
21,9,22,21,407578,2,231.0,2023,10,2023,10,5
22,22,30,26,397162,2,155.0,2023,7,2023,9,41
23,11,28,21,396058,2,166.0,2023,10,2023,10,2
24,7,23,21,393157,2,227.0,2023,10,2023,10,2
25,7,27,21,388825,2,188.0,2023,10,2023,10,7
26,24,25,20,387217,2,202.0,2023,10,2023,10,3
27,27,-1,1,368503,2,212.0,2024,2,2024,2,6
28,3,24,52,365192,2,194.0,2023,3,2023,3,7
29,29,31,7,364661,2,355.0,2023,12,2024,1,35
30,3,29,117,362084,2,208.0,2021,12,2021,12,8
31,8,26,11,360874,2,201.0,2023,12,2023,12,4
32,6,33,23,357564,2,201.0,2023,9,2023,9,8
33,2,32,82,357131,2,242.0,2022,8,2022,8,7
34,2,35,22,356781,2,202.0,2023,10,2023,10,3
35,3,40,31,349761,2,272.0,2023,7,2023,8,3
36,2,39,89,347130,2,226.0,2022,6,2022,6,3
37,27,34,11,338517,2,241.0,2023,12,2023,12,9
38,38,61,2,332277,2,227.0,2024,2,2024,2,9
39,3,38,62,328618,2,149.0,2022,11,2022,12,39
40,9,37,52,325335,2,142.0,2023,3,2023,3,7
41,41,-1,1,321439,2,177.0,2024,2,2024,2,6
42,2,41,123,316931,2,174.0,2021,10,2021,10,7
43,11,50,36,316551,2,245.0,2024,2,2024,2,0
44,8,45,58,314059,2,279.0,2023,1,2023,1,24
45,24,36,20,311596,2,171.0,2023,10,2023,10,3
46,11,42,26,308801,2,198.0,2022,6,2023,9,440
47,3,43,45,302526,2,240.0,2023,4,2023,4,3
48,5,44,166,298725,2,234.0,2020,12,2021,9,268
49,11,52,87,275722,2,255.0,2022,6,2022,7,7
50,12,58,27,267387,2,258.0,2023,6,2023,8,82
51,16,47,8,262959,2,211.0,2024,1,2024,1,6
52,34,46,180,259901,2,178.0,2023,7,2023,7,6
53,53,-1,1,257637,2,220.0,2024,2,2024,2,7
54,12,48,29,253098,2,215.0,2023,12,2023,12,4
55,2,51,63,252008,2,192.0,2022,12,2022,12,7
56,7,55,67,250879,2,281.0,2022,11,2022,11,2
57,56,60,4,244259,2,233.0,2024,1,2024,2,28
58,1,64,121,241743,2,261.0,2021,9,2021,11,62
59,30,59,21,240940,2,138.0,2023,9,2023,9,6
60,16,49,11,240758,2,152.0,2023,12,2023,12,4
61,4,53,97,238308,2,219.0,2022,4,2022,4,6
62,33,66,46,228441,2,216.0,2023,3,2023,4,26
63,63,-1,1,227833,2,202.0,2024,2,2024,2,6
64,3,63,75,223862,2,203.0,2023,3,2023,3,0
65,2,69,82,222338,2,234.0,2022,7,2022,10,94
66,3,65,144,221773,2,247.0,2021,5,2021,6,5
67,53,71,16,220717,2,312.0,2023,11,2023,11,11
68,50,57,5,220377,2,229.0,2024,1,2024,2,7
69,69,82,2,220121,2,180.0,2024,2,2024,2,10
70,2,56,24,219573,2,187.0,2023,9,2023,9,13
71,4,67,41,218359,2,161.0,2022,12,2023,1,6
72,72,121,2,217770,2,240.0,2022,8,2024,2,558
73,46,73,64,217452,2,245.0,2021,8,2022,12,501
74,39,62,13,216673,2,197.0,2023,12,2023,12,4
75,37,77,52,215841,2,244.0,2022,1,2023,3,411
76,46,72,128,214859,2,193.0,2021,7,2021,7,6
77,4,70,19,213399,2,268.0,2023,10,2023,10,7
78,3,54,167,211276,2,200.0,2020,12,2020,12,4
79,8,68,52,208422,2,173.0,2023,3,2023,3,7
80,52,88,14,206689,2,225.0,2023,6,2023,6,9
81,1,79,138,205507,2,269.0,2021,7,2021,7,1
82,82,-1,1,203319,2,229.0,2024,2,2024,2,6
83,11,80,186,203045,2,235.0,2020,5,2021,7,423
84,45,75,17,202781,2,179.0,2023,10,2023,11,28
85,9,81,149,201952,2,300.0,2023,3,2023,3,6
86,30,78,20,198602,2,224.0,2023,10,2023,10,9
87,1,86,135,197246,2,240.0,2021,7,2021,8,5
88,5,84,44,192719,2,178.0,2019,8,2019,8,6
89,41,87,30,191726,2,232.0,2023,8,2023,8,7
90,6,85,60,191027,2,271.0,2023,1,2023,1,8
91,1,76,167,188678,2,302.0,2020,12,2024,2,1138
92,1,74,141,188538,2,172.0,2021,6,2021,6,6
93,93,185,2,185316,2,165.0,2024,2,2024,2,3
94,61,91,90,183370,2,240.0,2019,12,2022,5,873
95,5,90,137,181727,2,218.0,2021,8,2021,8,11
96,10,113,218,179369,2,222.0,2019,12,2019,12,13
97,10,83,32,174623,2,157.0,2022,10,2023,7,272
98,4,104,70,173078,2,257.0,2022,11,2022,11,0
99,18,89,40,172088,2,180.0,2022,1,2023,6,487
100,17,94,308,172082,2,262.0,2016,12,2018,4,474
101,33,99,62,171193,2,302.0,2022,5,2022,12,223
102,79,106,17,170910,2,206.0,2022,12,2023,9,290
103,102,102,4,170907,2,199.0,2024,1,2024,2,8
104,24,109,46,169136,2,214.0,2022,7,2022,8,4
105,39,115,28,162364,2,317.0,2023,8,2023,8,11
106,5,117,41,162158,2,127.0,2023,4,2023,5,4
107,1,92,227,162048,2,253.0,2019,10,2019,10,10
108,22,107,84,161461,2,259.0,2022,7,2022,7,4
109,22,118,41,161128,2,194.0,2023,4,2023,5,4
110,65,95,41,161019,2,156.0,2021,5,2023,5,710
111,106,114,71,160474,2,270.0,2022,3,2022,9,157
112,8,110,34,160360,2,241.0,2023,5,2023,5,5
113,7,119,29,158751,2,134.0,2023,8,2023,8,1
114,19,120,69,157328,2,218.0,2019,7,2022,11,1221
115,3,101,117,156507,2,158.0,2021,12,2021,12,4
116,1,126,288,155037,2,221.0,2018,8,2018,8,6
117,41,142,13,154644,2,192.0,2022,12,2023,12,371
118,82,133,86,153017,2,281.0,2018,8,2022,12,1592
119,27,123,83,152333,2,222.0,2022,7,2022,8,11
120,61,103,88,151887,2,120.0,2019,12,2021,8,607
121,59,111,175,151349,2,200.0,2020,6,2020,7,48
122,35,147,196,149271,2,259.0,2018,3,2018,11,219
123,76,143,89,147598,2,283.0,2020,7,2020,7,10
124,1,128,168,147029,2,279.0,2022,9,2022,9,6
125,61,124,9,146529,2,242.0,2023,12,2024,1,4
126,18,129,62,146063,2,265.0,2022,12,2022,12,7
127,62,136,26,146003,2,171.0,2023,8,2023,8,8
128,15,97,217,145607,2,215.0,2018,4,2020,7,830
129,95,157,42,144681,2,273.0,2023,4,2023,5,24
130,2,116,194,144448,2,166.0,2018,8,2018,9,25
131,6,96,119,143836,2,204.0,2020,12,2020,12,1
132,1,98,149,143236,2,276.0,2021,4,2024,2,1008
133,8,122,147,142651,2,172.0,2022,1,2022,1,6
134,100,100,2,142352,2,344.0,2024,1,2024,2,43
135,8,135,53,141779,2,205.0,2023,8,2023,8,15
136,20,140,91,140202,2,231.0,2018,1,2022,6,1620
137,35,151,175,139471,2,293.0,2017,4,2024,2,2497
138,5,132,186,139096,2,272.0,2020,8,2020,8,5
139,28,152,44,138030,2,253.0,2023,2,2023,2,10
140,19,127,72,137997,2,277.0,2022,9,2022,9,6
141,52,155,19,137972,2,140.0,2023,10,2023,10,16
142,10,105,154,137953,2,234.0,2020,11,2021,3,128
143,143,-1,1,137295,2,185.0,2024,1,2024,2,29
144,107,153,6,137272,2,194.0,2024,1,2024,1,12
145,18,108,96,137185,2,258.0,2022,5,2022,5,2
146,55,193,34,136521,2,202.0,2022,11,2022,12,20
147,117,138,7,135919,2,168.0,2023,10,2024,1,92
148,83,130,33,135489,2,179.0,2022,9,2023,7,311
149,6,131,63,135446,2,154.0,2022,12,2022,12,7
150,27,154,157,134938,2,269.0,2021,2,2021,2,7
151,64,137,180,134463,2,237.0,2017,12,2021,6,1280
152,27,156,139,134372,2,237.0,2021,6,2021,7,10
153,107,145,21,134351,2,132.0,2023,9,2023,9,6
154,2,134,105,134181,2,209.0,2022,2,2022,2,6
155,83,139,46,133924,2,296.0,2022,12,2022,12,3
156,137,169,12,133634,2,206.0,2019,1,2023,12,1808
157,1,125,155,133481,2,198.0,2019,1,2024,2,1840
158,2,162,184,131760,2,254.0,2020,12,2020,12,1
159,82,112,4,131532,2,272.0,2022,11,2022,12,20
160,160,172,4,130700,2,254.0,2023,10,2024,2,110
161,1,150,248,130503,2,276.0,2019,1,2024,2,1857
162,87,146,139,130443,2,244.0,2021,6,2022,3,269
163,73,168,17,130424,2,211.0,2023,5,2023,5,8
164,103,148,47,130323,2,139.0,2020,11,2020,11,10
165,2,200,92,130193,2,306.0,2019,12,2024,2,1504
166,4,167,140,126357,2,228.0,2021,4,2021,4,2
167,52,163,57,125879,2,254.0,2020,6,2020,7,3
168,56,178,112,125688,2,219.0,2021,2,2021,2,11
169,26,144,17,124838,2,200.0,2023,10,2023,11,9
170,7,186,88,124762,2,322.0,2022,6,2022,6,7
171,33,149,13,124173,2,185.0,2023,11,2023,12,8
172,6,175,28,124111,2,257.0,2023,10,2024,2,100
173,4,141,54,123475,2,204.0,2023,2,2023,2,9
174,13,161,78,123044,2,217.0,2020,6,2020,7,3
175,22,160,182,122804,2,259.0,2019,4,2024,2,1754
176,125,158,8,122006,2,235.0,2023,6,2024,1,217
177,104,173,38,120883,2,303.0,2023,4,2023,6,69
178,39,171,17,120869,2,185.0,2023,10,2023,10,2
179,1,181,110,119868,2,258.0,2022,9,2022,9,6
180,5,-1,159,119805,2,223.0,2019,6,2019,10,122
181,51,159,20,119232,2,201.0,2023,10,2023,10,3
182,9,164,84,119039,2,242.0,2022,7,2024,2,557
183,1,-1,74,118722,2,154.0,2022,10,2022,10,0
184,26,189,177,118577,2,203.0,2020,8,2020,9,7
185,185,-1,1,118384,2,166.0,2024,2,2024,2,3
186,114,176,58,118188,2,286.0,2019,9,2023,1,1232
187,155,170,13,117475,2,214.0,2022,11,2023,10,324
188,101,177,15,117083,2,159.0,2023,10,2023,11,6
189,58,184,138,116446,2,165.0,2021,6,2022,3,269
190,153,190,9,115765,2,230.0,2016,11,2016,12,6
191,36,187,70,114336,2,261.0,2022,7,2023,6,325
192,140,192,15,114011,2,229.0,2022,12,2023,5,144
193,82,-1,16,113889,2,265.0,2023,9,2023,9,8
194,132,-1,79,113284,2,262.0,2016,1,2022,8,2414
195,2,-1,172,113144,2,283.0,2020,7,2020,7,5
196,14,194,55,113083,2,223.0,2023,2,2023,2,7
197,2,183,51,112438,2,221.0,2019,8,2019,8,6
198,6,191,70,112028,2,209.0,2022,9,2022,9,6
199,49,197,72,111776,2,260.0,2016,11,2016,12,7
200,8,174,77,111139,2,197.0,2022,8,2022,9,28
1,1,1,4,1068916,3,250.0,2024,3,2024,3,6
2,2,2,5,952565,3,253.0,2024,3,2024,3,6
3,1,3,21,930331,3,206.0,2023,11,2023,11,6
4,4,-1,1,872664,3,273.0,2024,3,2024,4,6
5,5,48,2,739842,3,161.0,2024,3,2024,3,3
6,1,6,38,725004,3,184.0,2023,11,2023,11,6
7,1,7,23,656407,3,175.0,2023,12,2023,12,4
8,1,4,3,647567,3,148.0,2024,3,2024,3,6
9,1,5,54,543520,3,212.0,2023,3,2023,3,6
10,1,8,16,527244,3,236.0,2023,12,2023,12,7
11,6,9,19,521261,3,182.0,2023,11,2023,11,8
12,2,20,34,476432,3,182.0,2023,8,2023,8,6
13,13,22,4,471365,3,92.0,2024,3,2024,3,6
14,3,10,15,459986,3,292.0,2023,12,2023,12,3
15,1,11,57,446383,3,264.0,2023,8,2023,8,1
16,11,12,20,421962,3,304.0,2023,11,2023,11,11
17,1,18,110,413978,3,156.0,2023,3,2023,3,0
18,18,21,31,410720,3,155.0,2023,7,2023,9,41
19,17,17,4,404225,3,229.0,2024,3,2024,3,6
20,8,15,15,403664,3,195.0,2023,12,2023,12,10
21,14,16,13,402180,3,197.0,2023,12,2024,1,27
22,3,23,122,389103,3,208.0,2021,12,2021,12,8
23,3,13,7,387946,3,250.0,2024,2,2024,2,8
24,7,14,4,385847,3,185.0,2024,3,2024,3,6
25,9,19,25,366157,3,162.0,2023,10,2023,10,1
26,7,25,50,363216,3,228.0,2023,10,2023,10,3
27,2,26,87,361586,3,242.0,2022,8,2022,8,7
28,5,27,27,360058,3,301.0,2023,10,2023,10,1
29,9,34,16,359263,3,134.0,2023,12,2023,12,4
30,9,24,26,356994,3,231.0,2023,10,2023,10,5
31,27,35,16,353741,3,241.0,2023,12,2023,12,9
32,27,29,12,353387,3,355.0,2023,12,2024,1,35
33,3,32,16,351089,3,195.0,2023,12,2023,12,4
34,2,36,128,344519,3,174.0,2021,10,2021,10,7
35,7,31,26,343614,3,188.0,2023,10,2023,10,7
36,13,33,3,342996,3,288.0,2024,3,2024,3,7
37,3,28,36,342624,3,272.0,2023,7,2023,8,3
38,11,39,92,341544,3,255.0,2022,6,2022,7,7
39,6,30,28,338293,3,201.0,2023,9,2023,9,8
40,11,38,31,332713,3,198.0,2022,6,2023,9,440
41,5,37,171,327993,3,234.0,2020,12,2021,9,268
42,3,43,57,320691,3,194.0,2023,3,2023,3,7
43,2,40,94,319704,3,226.0,2022,6,2024,3,620
44,12,45,32,303920,3,258.0,2023,6,2023,8,82
45,8,41,63,301881,3,279.0,2023,1,2023,1,24
46,7,44,26,295376,3,227.0,2023,10,2023,10,2
47,11,49,26,294365,3,166.0,2023,10,2023,10,2
48,10,42,14,294230,3,183.0,2023,11,2024,1,35
49,11,46,41,290919,3,245.0,2024,2,2024,3,21
50,1,47,172,283618,3,302.0,2020,12,2024,3,1167
51,3,51,67,283094,3,149.0,2022,11,2022,12,39
52,9,54,57,279014,3,142.0,2023,3,2023,3,7
53,24,50,25,274856,3,202.0,2023,10,2024,3,143
54,1,57,126,267339,3,261.0,2021,9,2021,11,62
55,34,53,185,262420,3,178.0,2023,7,2023,7,6
56,3,59,149,259608,3,247.0,2021,5,2021,6,5
57,8,56,16,250639,3,201.0,2023,12,2023,12,4
58,3,60,50,250256,3,240.0,2023,4,2024,3,312
59,26,52,7,242519,3,227.0,2024,2,2024,2,9
60,5,55,162,239175,3,223.0,2019,6,2019,10,122
61,61,67,3,238237,3,254.0,2022,6,2024,3,642
62,56,58,9,235944,3,233.0,2024,1,2024,2,28
63,1,70,154,232417,3,276.0,2021,4,2024,3,1037
64,2,62,27,230834,3,202.0,2023,10,2023,10,3
65,61,61,95,228586,3,240.0,2019,12,2022,5,873
66,66,-1,1,228405,3,164.0,2024,3,2024,4,6
67,2,68,87,225675,3,234.0,2022,7,2022,10,94
68,24,63,25,223993,3,171.0,2023,10,2023,10,3
69,16,66,13,220310,3,211.0,2024,1,2024,1,6
70,37,65,57,219724,3,244.0,2022,1,2023,3,411
71,10,88,223,219583,3,222.0,2019,12,2019,12,13
72,9,73,154,217558,3,300.0,2023,3,2023,3,6
73,5,64,49,216430,3,178.0,2019,8,2019,8,6
74,30,75,26,213805,3,138.0,2023,9,2023,9,6
75,4,69,102,213350,3,219.0,2022,4,2022,4,6
76,76,-1,1,212761,3,170.0,2024,4,2024,4,3
77,18,78,45,212508,3,180.0,2022,1,2023,6,487
78,12,79,34,212177,3,215.0,2023,12,2023,12,4
79,1,81,140,211369,3,240.0,2021,7,2021,8,5
80,1,76,143,211179,3,269.0,2021,7,2021,7,1
81,33,87,51,210451,3,216.0,2023,3,2023,4,26
82,4,74,46,209680,3,161.0,2022,12,2023,1,6
83,46,85,69,207547,3,245.0,2021,8,2022,12,501
84,3,82,172,206175,3,200.0,2020,12,2020,12,4
85,7,71,72,205757,3,281.0,2022,11,2024,3,465
86,35,72,180,201099,3,293.0,2017,4,2024,3,2526
87,52,84,19,199720,3,225.0,2023,6,2023,6,9
88,2,77,68,199625,3,192.0,2022,12,2024,3,442
89,24,91,51,197057,3,214.0,2022,7,2022,8,4
90,5,80,46,193197,3,127.0,2023,4,2023,5,4
91,39,83,18,191592,3,197.0,2023,12,2023,12,4
92,35,90,201,191367,3,259.0,2018,3,2018,11,219
93,1,94,146,190704,3,172.0,2021,6,2021,6,6
94,3,100,80,189488,3,203.0,2023,3,2023,3,0
95,6,92,65,189301,3,271.0,2023,1,2023,1,8
96,11,97,191,189214,3,235.0,2020,5,2021,7,423
97,4,98,75,187677,3,257.0,2022,11,2022,11,0
98,19,101,74,187179,3,218.0,2019,7,2022,11,1221
99,53,86,6,186427,3,220.0,2024,2,2024,2,7
100,46,89,133,185684,3,193.0,2021,7,2024,3,966
101,8,93,39,185053,3,241.0,2023,5,2023,5,5
102,45,95,22,184089,3,179.0,2023,10,2023,11,28
103,8,99,57,183875,3,173.0,2023,3,2023,3,7
104,41,104,35,182497,3,232.0,2023,8,2023,8,7
105,61,96,93,179507,3,120.0,2019,12,2021,8,607
106,106,119,4,179034,3,341.0,2024,2,2024,3,29
107,53,102,21,178501,3,312.0,2023,11,2023,11,11
108,6,110,124,177559,3,204.0,2020,12,2020,12,1
109,100,106,84,173034,3,262.0,2016,1,2022,8,2414
110,79,103,22,172760,3,206.0,2022,12,2023,9,290
111,57,116,21,171927,3,210.0,2014,1,2023,3,3354
112,5,105,142,171469,3,218.0,2021,8,2021,8,11
113,5,112,252,171411,3,260.0,2017,4,2024,3,2526
114,114,-1,1,169542,3,192.0,2024,3,2024,4,6
115,65,118,46,168898,3,156.0,2021,5,2023,5,710
116,17,108,313,168114,3,262.0,2016,12,2018,4,474
117,1,123,293,166080,3,221.0,2018,8,2018,8,6
118,27,107,88,165988,3,222.0,2022,7,2022,8,11
119,82,111,91,165359,3,281.0,2018,8,2022,12,1592
120,1,130,232,164576,3,253.0,2019,10,2019,10,10
121,117,124,12,164004,3,168.0,2023,10,2024,1,92
122,52,121,62,163590,3,254.0,2020,6,2020,7,3
123,22,125,89,163133,3,259.0,2022,7,2022,7,4
124,106,127,76,162845,3,270.0,2022,3,2022,9,157
125,22,113,46,159811,3,194.0,2023,4,2023,5,4
126,1,117,160,159674,3,198.0,2019,1,2024,3,1869
127,109,109,4,159108,3,260.0,2024,3,2024,3,10
128,3,146,122,158546,3,158.0,2021,12,2021,12,4
129,76,126,94,158465,3,283.0,2020,7,2020,7,10
130,33,120,67,158168,3,302.0,2022,5,2022,12,223
131,1,136,253,156781,3,276.0,2019,1,2024,3,1886
132,107,140,26,156741,3,132.0,2023,9,2023,9,6
133,49,-1,18,156072,3,310.0,2021,6,2023,3,639
134,15,128,222,156035,3,215.0,2018,4,2020,7,830
135,135,-1,1,155517,3,267.0,2021,1,2024,4,1189
136,114,150,63,154738,3,286.0,2019,9,2023,1,1232
137,16,133,16,153673,3,152.0,2023,12,2023,12,4
138,4,114,24,153425,3,268.0,2023,10,2023,10,7
139,1,122,173,152571,3,279.0,2022,9,2022,9,6
140,8,147,152,152216,3,172.0,2022,1,2022,1,6
141,18,156,67,151933,3,265.0,2022,12,2022,12,7
142,22,135,187,151714,3,259.0,2019,4,2024,3,1783
143,62,138,31,151422,3,171.0,2023,8,2023,8,8
144,55,115,39,151237,3,202.0,2022,11,2022,12,20
145,30,145,25,150388,3,224.0,2023,10,2023,10,9
146,7,134,34,149624,3,134.0,2023,8,2023,8,1
147,93,174,7,149317,3,165.0,2024,2,2024,2,3
148,20,153,96,148544,3,231.0,2018,1,2022,6,1620
149,13,160,82,146723,3,217.0,2020,6,2020,7,3
150,5,144,191,146436,3,272.0,2020,8,2020,8,5
151,83,148,51,146200,3,296.0,2022,12,2022,12,3
152,41,137,18,145364,3,192.0,2022,12,2023,12,371
153,73,161,22,144881,3,211.0,2023,5,2023,5,8
154,98,129,4,144531,3,174.0,2024,3,2024,3,6
155,2,151,199,144003,3,166.0,2018,8,2018,9,25
156,10,149,37,142942,3,157.0,2022,10,2023,7,272
157,39,175,22,142754,3,185.0,2023,10,2023,10,2
158,27,158,144,142238,3,237.0,2021,6,2021,7,10
159,7,143,93,142158,3,322.0,2022,6,2022,6,7
160,160,187,2,141838,3,108.0,2023,6,2024,3,286
161,161,-1,1,140760,3,328.0,2023,3,2024,4,398
162,162,-1,1,140608,3,183.0,2024,3,2024,4,6
163,86,168,41,139166,3,227.0,2017,4,2020,6,1174
164,64,169,185,138848,3,237.0,2017,12,2021,6,1280
165,165,-1,1,138419,3,182.0,2024,3,2024,4,6
166,87,163,144,138262,3,244.0,2021,6,2022,3,269
167,59,157,180,137911,3,200.0,2020,6,2020,7,48
168,69,139,7,136805,3,180.0,2024,2,2024,2,10
169,102,-1,8,136410,3,199.0,2024,1,2024,2,8
170,83,141,38,136056,3,179.0,2022,9,2023,7,311
171,27,165,162,133568,3,269.0,2021,2,2021,2,7
172,10,178,159,133429,3,234.0,2020,11,2021,3,128
173,39,162,33,133253,3,317.0,2023,8,2023,8,11
174,173,177,4,133251,3,285.0,2023,12,2024,3,101
175,33,173,119,133023,3,254.0,2016,3,2021,8,1984
176,4,154,59,133002,3,204.0,2023,2,2023,2,9
177,97,183,11,131818,3,181.0,2020,6,2020,7,3
178,18,172,101,130399,3,258.0,2022,5,2022,5,2
179,140,142,20,130334,3,229.0,2022,12,2023,5,144
180,8,185,58,129704,3,205.0,2023,8,2023,8,15
181,137,152,17,129529,3,206.0,2019,1,2023,12,1808
182,19,186,77,128870,3,277.0,2022,9,2022,9,6
183,155,170,18,128718,3,214.0,2022,11,2023,10,324
184,65,155,63,127911,3,176.0,2021,12,2021,12,20
185,14,-1,56,127908,3,223.0,2023,2,2023,2,7
186,2,167,110,127246,3,209.0,2022,2,2022,2,6
187,104,189,43,127051,3,303.0,2023,4,2023,6,69
188,21,171,164,126784,3,376.0,2017,8,2024,3,2398
189,2,179,189,126410,3,254.0,2020,12,2020,12,1
190,61,164,14,125920,3,242.0,2023,12,2024,1,4
191,101,-1,16,125483,3,159.0,2023,10,2023,11,6
192,192,-1,1,125466,3,196.0,2024,3,2024,4,6
193,6,-1,34,124981,3,215.0,2022,2,2022,2,4
194,4,193,145,123708,3,228.0,2021,4,2021,4,2
195,103,180,52,123485,3,139.0,2020,11,2020,11,10
196,196,-1,1,123302,3,168.0,2024,4,2024,4,3
197,70,191,103,123082,3,231.0,2018,11,2022,2,1185
198,28,192,49,122935,3,253.0,2023,2,2023,2,10
199,123,-1,14,122918,3,222.0,2020,9,2021,4,195
200,58,195,142,122724,3,165.0,2021,6,2022,3,269
1,1,1,25,853644,4,206.0,2023,11,2023,11,6
2,1,3,42,694635,4,184.0,2023,11,2023,11,6
3,2,4,9,647085,4,253.0,2024,3,2024,3,6
4,2,2,2,553531,4,229.0,2024,4,2024,4,7
5,1,9,58,522435,4,212.0,2023,3,2023,3,6
6,1,8,27,510470,4,175.0,2023,12,2023,12,4
7,1,5,8,495852,4,250.0,2024,3,2024,3,6
8,5,6,6,484490,4,161.0,2024,3,2024,3,3
9,2,7,38,468610,4,182.0,2023,8,2023,8,6
10,6,10,23,455285,4,182.0,2023,11,2023,11,8
11,11,-1,1,446843,4,168.0,2024,4,2024,5,6
12,1,11,20,442416,4,236.0,2023,12,2023,12,7
13,12,13,35,424567,4,155.0,2023,7,2023,9,41
14,1,12,7,407993,4,148.0,2024,3,2024,3,6
15,1,16,61,384236,4,264.0,2023,8,2023,8,1
16,16,22,20,377230,4,241.0,2023,12,2023,12,9
17,3,14,126,373764,4,208.0,2021,12,2021,12,8
18,1,15,114,368120,4,156.0,2023,3,2023,3,0
19,2,20,91,367966,4,242.0,2022,8,2022,8,7
20,11,18,35,365843,4,198.0,2022,6,2023,9,440
21,3,17,19,352409,4,292.0,2023,12,2023,12,3
22,7,24,54,351315,4,228.0,2023,10,2023,10,3
23,2,28,98,347724,4,226.0,2022,6,2024,4,651
24,3,23,40,340964,4,272.0,2023,7,2023,8,3
25,11,43,45,336618,4,245.0,2023,6,2023,6,6
26,11,21,24,336403,4,304.0,2023,11,2023,11,11
27,2,31,132,331686,4,174.0,2021,10,2021,10,7
28,13,26,17,323600,4,197.0,2023,12,2024,1,27
29,8,35,67,319347,4,279.0,2023,1,2023,1,24
30,5,33,31,312531,4,301.0,2023,10,2023,10,1
31,5,29,175,311510,4,234.0,2020,12,2021,9,268
32,8,25,19,309279,4,195.0,2023,12,2023,12,10
33,22,38,16,308990,4,355.0,2023,12,2024,1,35
34,9,32,30,307469,4,231.0,2023,10,2023,10,5
35,13,27,3,300851,4,223.0,2024,4,2024,4,8
36,7,34,30,300362,4,188.0,2023,10,2023,10,7
37,3,36,61,290080,4,194.0,2023,3,2023,3,7
38,2,19,31,288376,4,202.0,2023,10,2023,10,3
39,24,42,29,285605,4,202.0,2023,10,2024,3,143
40,3,37,71,283690,4,149.0,2022,11,2022,12,39
41,12,51,36,283277,4,258.0,2023,6,2023,8,82
42,9,47,20,283185,4,134.0,2023,12,2023,12,4
43,11,46,96,280571,4,255.0,2022,6,2022,7,7
44,44,130,2,278383,4,175.0,2024,4,2024,4,6
45,13,39,8,274387,4,92.0,2024,3,2024,3,6
46,6,49,32,272619,4,201.0,2023,9,2023,9,8
47,3,57,153,270768,4,247.0,2021,5,2021,6,5
48,3,44,11,269949,4,250.0,2024,2,2024,2,8
49,45,45,5,268833,4,170.0,2024,4,2024,4,3
50,3,55,54,264223,4,240.0,2023,4,2024,4,343
51,11,54,30,263402,4,166.0,2023,10,2023,10,2
52,1,52,130,262931,4,261.0,2021,9,2021,11,62
53,53,60,99,262371,4,240.0,2019,12,2022,5,873
54,17,41,8,258791,4,229.0,2024,3,2024,3,6
55,7,56,30,256499,4,227.0,2023,10,2023,10,2
56,9,48,29,255857,4,162.0,2023,10,2023,10,1
57,3,58,20,255436,4,195.0,2023,12,2023,12,4
58,9,62,158,255361,4,300.0,2023,3,2023,3,6
59,59,-1,3,247544,4,237.0,2015,11,2024,4,3045
60,2,63,91,245890,4,234.0,2022,7,2022,10,94
61,9,59,61,245271,4,142.0,2023,3,2023,3,7
62,4,67,50,243710,4,161.0,2022,12,2023,1,6
63,33,71,55,239607,4,216.0,2023,3,2023,4,26
64,34,64,189,238687,4,178.0,2023,7,2023,7,6
65,46,65,73,231069,4,245.0,2021,8,2022,12,501
66,18,61,105,230502,4,258.0,2022,5,2022,5,2
67,24,69,29,229459,4,171.0,2023,10,2023,10,3
68,1,75,176,227716,4,302.0,2020,12,2024,4,1198
69,37,74,61,223491,4,244.0,2022,1,2023,3,411
70,70,91,12,222342,4,254.0,2023,10,2024,2,110
71,2,76,72,217575,4,192.0,2022,12,2024,4,473
72,10,77,18,214797,4,183.0,2023,11,2024,1,35
73,18,92,49,214576,4,180.0,2022,1,2023,6,487
74,5,101,50,210517,4,127.0,2023,4,2023,5,4
75,6,89,69,208711,4,271.0,2023,1,2023,1,8
76,4,81,106,207141,4,219.0,2022,4,2022,4,6
77,70,86,5,206967,4,328.0,2023,3,2024,4,398
78,56,72,13,205024,4,233.0,2024,1,2024,2,28
79,13,70,7,204197,4,288.0,2024,3,2024,3,7
80,8,84,20,203855,4,201.0,2023,12,2023,12,4
81,1,83,144,194743,4,240.0,2021,7,2021,8,5
82,7,68,8,193930,4,185.0,2024,3,2024,3,6
83,4,85,79,193160,4,257.0,2022,11,2022,11,0
84,7,88,76,193081,4,281.0,2022,11,2024,4,496
85,10,95,227,191804,4,222.0,2019,12,2019,12,13
86,3,93,176,191389,4,200.0,2020,12,2020,12,4
87,1,94,147,190116,4,269.0,2021,7,2021,7,1
88,46,106,137,189907,4,193.0,2021,7,2024,4,997
89,26,82,11,188917,4,227.0,2024,2,2024,2,9
90,1,97,158,187492,4,276.0,2021,4,2024,4,1068
91,5,90,146,185423,4,218.0,2021,8,2021,8,11
92,61,137,97,184708,4,120.0,2019,12,2021,8,607
93,19,132,78,184164,4,218.0,2019,7,2022,11,1221
94,79,120,26,183969,4,206.0,2022,12,2023,9,290
95,5,108,256,183103,4,260.0,2017,4,2024,4,2557
96,24,96,55,182793,4,214.0,2022,7,2022,8,4
97,61,80,7,180843,4,254.0,2022,6,2024,3,642
98,98,107,80,180353,4,270.0,2022,3,2022,9,157
99,16,102,17,179980,4,211.0,2024,1,2024,1,6
100,35,115,184,179260,4,293.0,2017,4,2024,4,2557
101,101,138,3,178000,4,189.0,2019,12,2020,12,349
102,11,78,195,177621,4,235.0,2020,5,2021,7,423
103,30,104,30,177430,4,138.0,2023,9,2023,9,6
104,8,118,43,177325,4,241.0,2023,5,2023,5,5
105,86,99,16,176962,4,168.0,2023,10,2024,1,92
106,39,126,22,175768,4,197.0,2023,12,2023,12,4
107,65,131,50,175079,4,156.0,2021,5,2023,5,710
108,35,125,205,174438,4,259.0,2018,3,2018,11,219
109,5,105,166,172527,4,223.0,2019,6,2019,10,122
110,52,133,66,172135,4,254.0,2020,6,2020,7,3
111,49,98,22,170883,4,310.0,2021,6,2023,3,639
112,27,121,92,170382,4,222.0,2022,7,2022,8,11
113,97,110,5,169247,4,267.0,2021,1,2024,4,1189
114,1,142,164,169161,4,198.0,2019,1,2024,4,1900
115,76,123,98,167866,4,283.0,2020,7,2020,7,10
116,100,139,88,167147,4,262.0,2016,1,2022,8,2414
117,13,134,86,166251,4,217.0,2020,6,2020,7,3
118,8,103,61,166231,4,173.0,2023,3,2023,3,7
119,57,177,25,164745,4,210.0,2014,1,2023,3,3354
120,6,127,128,164697,4,204.0,2020,12,2020,12,1
121,121,-1,1,163983,4,179.0,2024,2,2024,5,87
122,33,119,71,163931,4,302.0,2022,5,2022,12,223
123,3,116,84,163627,4,203.0,2023,3,2023,3,0
124,82,117,95,163557,4,281.0,2018,8,2022,12,1592
125,1,122,150,163176,4,172.0,2021,6,2021,6,6
126,52,109,23,162993,4,225.0,2023,6,2023,6,9
127,3,112,126,162792,4,158.0,2021,12,2021,12,4
128,73,159,26,162543,4,211.0,2023,5,2023,5,8
129,22,136,93,162453,4,259.0,2022,7,2022,7,4
130,1,128,297,161239,4,221.0,2018,8,2018,8,6
131,17,129,317,161042,4,262.0,2016,12,2018,4,474
132,5,114,53,160699,4,178.0,2019,8,2019,8,6
133,1,150,236,160186,4,253.0,2019,10,2019,10,10
134,134,153,21,159188,4,206.0,2019,1,2023,12,1808
135,5,146,173,159176,4,270.0,2020,7,2020,7,5
136,12,135,38,159000,4,215.0,2023,12,2023,12,4
137,39,148,26,158856,4,185.0,2023,10,2023,10,2
138,4,145,149,158332,4,228.0,2021,4,2021,4,2
139,2,151,203,158013,4,166.0,2018,8,2018,9,25
140,41,143,39,157909,4,232.0,2023,8,2023,8,7
141,45,124,26,155505,4,179.0,2023,10,2023,11,28
142,8,149,156,155217,4,172.0,2022,1,2022,1,6
143,64,171,189,154191,4,237.0,2017,12,2021,6,1280
144,106,140,8,154124,4,341.0,2024,2,2024,3,29
145,22,158,191,153573,4,259.0,2019,4,2024,4,1814
146,53,141,25,151591,4,312.0,2023,11,2023,11,11
147,22,161,50,150235,4,194.0,2023,4,2023,5,4
148,114,160,67,149622,4,286.0,2019,9,2023,1,1232
149,30,152,29,149584,4,224.0,2023,10,2023,10,9
150,30,30,2,148407,4,261.0,2024,4,2024,4,7
151,142,172,37,148299,4,186.0,2021,11,2021,12,37
152,152,-1,1,148145,4,244.0,2024,3,2024,4,11
153,1,174,257,146813,4,276.0,2019,1,2024,4,1917
154,83,156,55,146790,4,296.0,2022,12,2022,12,3
155,1,154,177,146716,4,279.0,2022,9,2022,9,6
156,15,169,226,146179,4,215.0,2018,4,2020,7,830
157,70,170,107,145247,4,231.0,2018,11,2022,2,1185
158,97,181,15,144703,4,181.0,2020,6,2020,7,3
159,20,155,100,144485,4,231.0,2018,1,2022,6,1620
160,66,66,2,144363,4,218.0,2024,4,2024,4,7
161,65,190,67,144076,4,176.0,2021,12,2021,12,20
162,141,182,6,141479,4,108.0,2023,6,2024,3,286
163,140,183,24,141462,4,229.0,2022,12,2023,5,144
164,87,188,148,137894,4,244.0,2021,6,2022,3,269
165,109,164,8,137795,4,260.0,2024,3,2024,3,10
166,10,179,163,137687,4,234.0,2020,11,2021,3,128
167,33,186,123,136667,4,254.0,2016,3,2021,8,1984
168,27,163,166,136354,4,269.0,2021,2,2021,2,7
169,126,175,31,136296,4,174.0,2021,10,2022,10,369
170,10,165,41,135697,4,157.0,2022,10,2023,7,272
171,86,-1,44,135540,4,227.0,2017,4,2020,6,1174
172,4,189,63,135397,4,204.0,2023,2,2023,2,9
173,173,-1,2,135062,4,94.0,2017,1,2024,4,2664
174,18,167,71,134595,4,265.0,2022,12,2022,12,7
175,5,166,195,133156,4,272.0,2020,8,2020,8,5
176,27,195,148,133061,4,237.0,2021,6,2021,7,10
177,155,191,22,132391,4,214.0,2022,11,2023,10,324
178,178,185,5,131478,4,166.0,2024,3,2024,3,6
179,55,-1,42,131268,4,202.0,2022,11,2022,12,20
180,7,178,97,130947,4,322.0,2022,6,2022,6,7
181,62,-1,34,130787,4,171.0,2023,8,2023,8,8
182,7,196,38,130344,4,134.0,2023,8,2023,8,1
183,4,187,28,128710,4,268.0,2023,10,2023,10,7
184,107,173,30,126170,4,132.0,2023,9,2023,9,6
185,63,180,125,126116,4,273.0,2016,1,2024,4,3013
186,59,184,184,125674,4,200.0,2020,6,2020,7,48
187,71,-1,196,124738,4,218.0,2015,11,2016,2,98
188,41,192,22,124492,4,192.0,2022,12,2023,12,371
189,8,-1,61,123679,4,205.0,2023,8,2023,8,15
190,36,198,75,122864,4,261.0,2022,7,2023,6,325
191,103,-1,55,122821,4,139.0,2020,11,2020,11,10
192,2,-1,191,122811,4,254.0,2020,12,2020,12,1
193,110,162,5,122118,4,168.0,2024,4,2024,4,3
194,110,147,3,121923,4,212.0,2024,4,2024,4,10
195,53,176,10,121814,4,220.0,2024,2,2024,2,7
196,58,-1,145,120666,4,165.0,2021,6,2022,3,269
197,48,194,184,120512,4,171.0,2017,1,2018,3,412
198,104,197,25,120463,4,116.0,2022,5,2023,1,237
199,1,-1,76,119822,4,154.0,2022,10,2022,10,0
200,83,-1,41,119402,4,179.0,2022,9,2023,7,311
1,1,2,30,1206367,5,206.0,2023,11,2023,11,6
2,1,3,47,1185516,5,184.0,2023,11,2023,11,6
3,2,4,43,923121,5,182.0,2023,8,2023,8,6
4,1,5,63,543957,5,212.0,2023,3,2023,3,6
5,1,6,12,531444,5,148.0,2024,3,2024,3,6
6,1,1,2,507797,5,233.0,2024,5,2024,5,6
7,2,7,14,467497,5,253.0,2024,3,2024,3,6
8,1,9,13,435723,5,250.0,2024,3,2024,3,6
9,1,8,32,434675,5,175.0,2023,12,2023,12,4
10,8,11,40,430901,5,155.0,2023,7,2023,9,41
11,3,17,24,401007,5,292.0,2023,12,2023,12,3
12,3,13,131,384572,5,208.0,2021,12,2021,12,8
13,1,12,25,377135,5,236.0,2023,12,2023,12,7
14,10,10,35,375484,5,166.0,2023,10,2023,10,2
15,15,28,6,354757,5,179.0,2024,2,2024,5,87
16,14,14,25,350354,5,241.0,2023,12,2023,12,9
17,2,19,103,337599,5,226.0,2022,6,2024,5,681
18,1,16,66,331826,5,264.0,2023,8,2023,8,1
19,19,23,34,328672,5,202.0,2023,10,2024,3,143
20,7,27,59,328665,5,228.0,2023,10,2023,10,3
21,3,24,45,318457,5,272.0,2023,7,2023,8,3
22,15,15,4,314690,5,179.0,2024,5,2024,5,3
23,2,21,137,309812,5,174.0,2021,10,2021,10,7
24,2,30,96,309466,5,242.0,2022,8,2022,8,7
25,13,29,7,308874,5,175.0,2024,4,2024,4,6
26,11,32,40,308021,5,198.0,2022,6,2023,9,440
27,5,26,11,306345,5,161.0,2024,3,2024,3,3
28,1,22,119,304210,5,156.0,2023,3,2023,3,0
29,13,31,22,290017,5,197.0,2023,12,2024,1,27
30,30,61,2,285523,5,196.0,2024,5,2024,5,3
31,8,25,72,284517,5,279.0,2023,1,2023,1,24
32,11,34,50,282707,5,245.0,2023,6,2023,6,6
33,3,40,158,278790,5,247.0,2021,5,2021,6,5
34,5,38,180,275520,5,234.0,2020,12,2021,9,268
35,2,49,36,274448,5,202.0,2023,10,2023,10,3
36,6,37,28,267450,5,182.0,2023,11,2023,11,8
37,9,45,163,264935,5,300.0,2023,3,2023,3,6
38,11,33,101,264134,5,255.0,2022,6,2022,7,7
39,22,36,21,263645,5,355.0,2023,12,2024,1,35
40,11,39,29,260768,5,304.0,2023,11,2023,11,11
41,35,35,104,259658,5,240.0,2019,12,2022,5,873
42,3,43,76,256434,5,149.0,2022,11,2022,12,39
43,5,42,36,245249,5,301.0,2023,10,2023,10,1
44,9,44,35,244673,5,231.0,2023,10,2023,10,5
45,7,41,35,241546,5,227.0,2023,10,2023,10,2
46,20,20,2,241196,5,219.0,2024,5,2024,5,6
47,1,53,135,234496,5,261.0,2021,9,2021,11,62
48,4,66,55,234435,5,161.0,2022,12,2023,1,6
49,2,51,96,234429,5,234.0,2022,7,2022,10,94
50,7,48,35,233121,5,188.0,2023,10,2023,10,7
51,3,50,59,225345,5,240.0,2023,4,2024,5,373
52,12,56,41,224541,5,258.0,2023,6,2023,8,82
53,3,46,66,224062,5,194.0,2023,3,2023,3,7
54,37,55,66,222721,5,244.0,2022,1,2023,3,411
55,55,81,2,220863,5,188.0,2024,5,2024,5,9
56,24,62,34,218110,5,171.0,2023,10,2023,10,3
57,1,63,181,217177,5,302.0,2020,12,2024,5,1228
58,8,52,24,217028,5,195.0,2023,12,2023,12,10
59,2,73,77,216994,5,192.0,2022,12,2024,5,503
60,9,54,25,213868,5,134.0,2023,12,2023,12,4
61,33,57,60,212227,5,216.0,2023,3,2023,4,26
62,62,93,85,208666,5,270.0,2022,3,2022,9,157
63,17,60,13,207478,5,229.0,2024,3,2024,3,6
64,58,58,3,206397,5,202.0,2024,5,2024,5,2
65,1,68,149,201608,5,240.0,2021,7,2021,8,5
66,6,69,37,201473,5,201.0,2023,9,2023,9,8
67,11,47,6,200471,5,168.0,2024,4,2024,5,6
68,64,75,194,198178,5,237.0,2017,12,2021,6,1280
69,8,76,161,198148,5,172.0,2022,1,2022,1,6
70,1,78,163,197705,5,276.0,2021,4,2024,5,1098
71,9,65,34,197587,5,162.0,2023,10,2023,10,1
72,13,64,13,194961,5,92.0,2024,3,2024,3,6
73,18,71,110,194931,5,258.0,2022,5,2022,5,2
74,2,67,7,192635,5,229.0,2024,4,2024,4,7
75,9,79,66,190986,5,142.0,2023,3,2023,3,7
76,10,111,232,189606,5,222.0,2019,12,2019,12,13
77,4,105,154,189365,5,228.0,2021,4,2021,4,2
78,1,18,4,188193,5,389.0,2024,5,2024,5,0
79,7,95,81,188141,5,281.0,2022,11,2024,5,526
80,70,99,17,187570,5,254.0,2023,10,2024,2,110
81,5,114,261,187489,5,260.0,2017,4,2024,5,2587
82,35,83,189,185382,5,293.0,2017,4,2024,5,2587
83,46,88,142,184930,5,193.0,2021,7,2024,5,1027
84,62,80,10,184607,5,328.0,2023,3,2024,4,398
85,59,59,2,184336,5,191.0,2024,5,2024,5,7
86,46,85,78,184200,5,245.0,2021,8,2022,12,501
87,18,84,54,183755,5,180.0,2022,1,2023,6,487
88,19,96,83,183416,5,218.0,2019,7,2022,11,1221
89,3,89,25,182845,5,195.0,2023,12,2023,12,4
90,4,86,111,180739,5,219.0,2022,4,2022,4,6
91,1,91,152,180005,5,269.0,2021,7,2021,7,1
92,3,115,181,179939,5,200.0,2020,12,2020,12,4
93,61,92,102,179580,5,120.0,2019,12,2021,8,607
94,11,106,200,179455,5,235.0,2020,5,2021,7,423
95,77,77,21,178483,5,168.0,2023,10,2024,1,92
96,6,90,74,178374,5,271.0,2023,1,2023,1,8
97,79,87,31,178270,5,206.0,2022,12,2023,9,290
98,4,72,84,176305,5,257.0,2022,11,2022,11,0
99,82,102,100,175458,5,281.0,2018,8,2022,12,1592
100,3,74,16,175002,5,250.0,2024,2,2024,2,8
101,73,98,31,173948,5,211.0,2023,5,2023,5,8
102,39,100,31,172359,5,185.0,2023,10,2023,10,2
103,86,109,93,171437,5,262.0,2016,1,2022,8,2414
104,83,132,60,169832,5,296.0,2022,12,2022,12,3
105,27,103,97,168237,5,222.0,2022,7,2022,8,11
106,10,101,23,167566,5,183.0,2023,11,2024,1,35
107,45,120,10,166101,5,170.0,2024,4,2024,4,3
108,5,94,55,165769,5,127.0,2023,4,2023,5,4
109,22,121,98,164561,5,259.0,2022,7,2022,7,4
110,34,110,194,164495,5,178.0,2023,7,2023,7,6
111,85,104,8,164430,5,189.0,2019,12,2020,12,349
112,35,112,210,164186,5,259.0,2018,3,2018,11,219
113,71,144,201,162949,5,218.0,2015,11,2016,2,98
114,65,113,55,162907,5,156.0,2021,5,2023,5,710
115,24,119,60,161000,5,214.0,2022,7,2022,8,4
116,13,107,8,160588,5,223.0,2024,4,2024,4,8
117,16,158,22,160516,5,211.0,2024,1,2024,1,6
118,27,131,153,160233,5,237.0,2021,6,2021,7,10
119,17,125,322,160204,5,262.0,2016,12,2018,4,474
120,84,97,4,158833,5,155.0,2024,4,2024,5,6
121,1,124,302,157817,5,221.0,2018,8,2018,8,6
122,8,127,25,156644,5,201.0,2023,12,2023,12,4
123,123,160,3,156383,5,210.0,2024,5,2024,5,6
124,65,135,72,154764,5,176.0,2021,12,2021,12,20
125,8,116,48,154166,5,241.0,2023,5,2023,5,5
126,56,117,18,153558,5,233.0,2024,1,2024,2,28
127,3,129,131,152740,5,158.0,2021,12,2021,12,4
128,39,133,27,152313,5,197.0,2023,12,2023,12,4
129,1,126,241,151794,5,253.0,2019,10,2019,10,10
130,5,140,58,151601,5,178.0,2019,8,2019,8,6
131,13,118,12,151397,5,288.0,2024,3,2024,3,7
132,30,130,35,151114,5,138.0,2023,9,2023,9,6
133,5,188,178,149592,5,270.0,2020,7,2020,7,5
134,22,134,196,149009,5,259.0,2019,4,2024,5,1844
135,76,122,103,148145,5,283.0,2020,7,2020,7,10
136,58,82,3,146723,5,180.0,2024,5,2024,5,6
137,5,138,151,146632,5,218.0,2021,8,2021,8,11
138,41,148,44,146456,5,232.0,2023,8,2023,8,7
139,6,170,70,144994,5,154.0,2022,12,2022,12,7
140,70,70,2,144809,5,200.0,2024,5,2024,5,6
141,3,-1,176,142885,5,293.0,2021,5,2024,5,1092
142,1,157,262,142114,5,276.0,2019,1,2024,5,1947
143,52,153,28,142053,5,225.0,2023,6,2023,6,9
144,57,167,30,141775,5,210.0,2014,1,2023,3,3354
145,110,137,26,141565,5,206.0,2019,1,2023,12,1808
146,1,151,182,141543,5,279.0,2022,9,2022,9,6
147,27,149,171,141113,5,269.0,2021,2,2021,2,7
148,128,128,8,140438,5,255.0,2023,5,2023,12,212
149,1,161,155,139079,5,172.0,2021,6,2021,6,6
150,150,193,2,138649,5,302.0,2020,1,2024,5,1611
151,49,154,27,137394,5,310.0,2021,6,2023,3,639
152,152,174,4,136611,5,233.0,2024,4,2024,5,31
153,110,-1,6,136436,5,168.0,2024,4,2024,4,3
154,3,155,89,136299,5,203.0,2023,3,2023,3,0
155,114,180,60,136095,5,287.0,2016,10,2024,5,2756
156,63,-1,129,135329,5,273.0,2016,1,2024,5,3043
157,86,185,49,134970,5,227.0,2017,4,2020,6,1174
158,113,192,78,134248,5,267.0,2019,4,2021,10,920
159,22,181,55,133222,5,194.0,2023,4,2023,5,4
160,70,145,112,132913,5,231.0,2018,11,2022,2,1185
161,33,156,76,132797,5,302.0,2022,5,2022,12,223
162,53,166,30,130438,5,312.0,2023,11,2023,11,11
163,10,194,168,130054,5,234.0,2020,11,2021,3,128
164,59,176,189,129588,5,200.0,2020,6,2020,7,48
165,30,136,34,128598,5,224.0,2023,10,2023,10,9
166,5,177,171,128445,5,223.0,2019,6,2019,10,122
167,15,162,231,127828,5,215.0,2018,4,2020,7,830
168,168,-1,1,127622,5,248.0,2024,5,2024,6,7
169,155,163,27,127493,5,214.0,2022,11,2023,10,324
170,8,173,66,127374,5,173.0,2023,3,2023,3,7
171,5,164,200,127137,5,272.0,2020,8,2020,8,5
172,97,147,10,126960,5,267.0,2021,1,2024,4,1189
173,62,190,85,126116,5,237.0,2019,11,2021,10,693
174,20,169,105,125099,5,231.0,2018,1,2022,6,1620
175,33,196,128,124728,5,254.0,2016,3,2021,8,1984
176,140,168,29,124434,5,229.0,2022,12,2023,5,144
177,2,172,208,124128,5,166.0,2018,8,2018,9,25
178,68,152,5,123642,5,188.0,2023,10,2023,10,9
179,7,198,102,123050,5,322.0,2022,6,2022,6,7
180,9,189,79,122633,5,187.0,2021,4,2024,5,1154
181,181,-1,2,122458,5,236.0,2013,1,2013,5,131
182,61,171,12,122420,5,254.0,2022,6,2024,3,642
183,142,159,42,122206,5,186.0,2021,11,2021,12,37
184,51,143,9,121945,5,215.0,2023,11,2023,11,6
185,126,-1,32,121904,5,174.0,2021,10,2022,10,369
186,87,191,153,121249,5,244.0,2021,6,2022,3,269
187,187,-1,1,120401,5,266.0,2024,3,2024,6,90
188,21,175,169,120277,5,376.0,2017,8,2024,5,2459
189,141,200,11,119921,5,108.0,2023,6,2024,3,286
190,18,187,76,119718,5,265.0,2022,12,2022,12,7
191,29,183,44,119176,5,212.0,2023,11,2024,5,172
192,10,-1,45,118577,5,157.0,2022,10,2023,7,272
193,14,-1,108,117976,5,266.0,2020,7,2021,6,342
194,1,-1,155,116807,5,202.0,2020,7,2024,5,1395
195,191,-1,6,116003,5,234.0,2017,5,2024,4,2528
196,122,-1,33,115380,5,160.0,2014,11,2021,10,2505
197,49,-1,74,114336,5,260.0,2016,11,2016,12,7
198,4,-1,67,114326,5,204.0,2023,2,2023,2,9
199,7,195,13,114232,5,185.0,2024,3,2024,3,6
200,114,142,72,113782,5,286.0,2019,9,2024,5,1693
1,1,-1,1,2817972,6,183.0,2024,6,2024,7,6
2,1,3,51,1726022,6,184.0,2023,11,2023,11,6
3,1,1,4,1687632,6,279.0,2024,6,2024,6,5
4,1,7,67,1583399,6,212.0,2023,3,2023,3,6
5,1,2,34,1477034,6,206.0,2023,11,2023,11,6
6,4,4,3,1013264,6,220.0,2024,6,2024,6,7
7,2,5,47,822380,6,182.0,2023,8,2023,8,6
8,8,-1,1,821784,6,138.0,2024,6,2024,7,7
9,2,6,4,659815,6,167.0,2024,6,2024,6,6
10,3,78,9,557952,6,223.0,2023,12,2023,12,6
11,11,84,2,516301,6,240.0,2024,6,2024,6,2
12,10,10,3,515495,6,159.0,2024,6,2024,6,7
13,1,8,17,501461,6,250.0,2024,3,2024,3,6
14,2,9,18,480982,6,253.0,2024,3,2024,3,6
15,1,12,16,479463,6,148.0,2024,3,2024,3,6
16,1,13,36,436919,6,175.0,2023,12,2023,12,4
17,3,14,135,411922,6,208.0,2021,12,2021,12,8
18,18,-1,1,410697,6,152.0,2024,6,2024,7,7
19,1,11,185,401079,6,302.0,2020,12,2024,6,1259
20,1,16,70,390979,6,264.0,2023,8,2023,8,1
21,3,17,28,389325,6,292.0,2023,12,2023,12,3
22,1,15,29,384865,6,236.0,2023,12,2023,12,7
23,19,27,38,375904,6,202.0,2023,10,2024,3,143
24,2,22,107,374256,6,226.0,2022,6,2024,6,712
25,10,20,39,373298,6,166.0,2023,10,2023,10,2
26,11,21,44,362484,6,198.0,2022,6,2023,9,440
27,1,127,37,362262,6,201.0,2023,3,2023,3,6
28,8,19,44,360584,6,155.0,2023,7,2023,9,41
29,7,24,63,359688,6,228.0,2023,10,2023,10,3
30,11,23,105,351674,6,255.0,2022,6,2022,7,7
31,1,18,167,349575,6,276.0,2021,4,2024,6,1129
32,2,25,100,324182,6,242.0,2022,8,2022,8,7
33,9,30,39,319664,6,231.0,2023,10,2023,10,5
34,3,31,49,312356,6,272.0,2023,7,2023,8,3
35,8,35,76,311174,6,279.0,2023,1,2023,1,24
36,1,32,123,301157,6,156.0,2023,3,2023,3,0
37,2,26,141,298962,6,174.0,2021,10,2021,10,7
38,22,28,25,295729,6,355.0,2023,12,2024,1,35
39,15,33,10,294496,6,179.0,2024,2,2024,5,87
40,14,29,29,294419,6,241.0,2023,12,2023,12,9
41,11,38,54,294326,6,245.0,2023,6,2023,6,6
42,5,34,184,286908,6,234.0,2020,12,2021,9,268
43,7,36,39,281823,6,188.0,2023,10,2023,10,7
44,13,109,12,271642,6,223.0,2024,6,2024,6,2
45,3,37,63,270150,6,240.0,2023,4,2024,6,404
46,13,41,11,268747,6,175.0,2024,4,2024,4,6
47,5,39,265,267381,6,260.0,2017,4,2024,6,2618
48,6,42,32,265843,6,182.0,2023,11,2023,11,8
49,27,40,108,265424,6,240.0,2019,12,2022,5,873
50,3,44,162,256349,6,247.0,2021,5,2021,6,5
51,9,48,167,253626,6,300.0,2023,3,2023,3,6
52,18,66,114,252589,6,258.0,2022,5,2022,5,2
53,34,45,193,247293,6,293.0,2017,4,2024,6,2618
54,2,53,40,243868,6,202.0,2023,10,2023,10,3
55,5,46,40,243516,6,301.0,2023,10,2023,10,1
56,4,49,59,240678,6,161.0,2022,12,2023,1,6
57,2,68,81,239503,6,192.0,2022,12,2024,6,534
58,8,55,28,238513,6,195.0,2023,12,2023,12,10
59,46,67,146,236085,6,193.0,2021,7,2024,6,1058
60,2,51,100,235875,6,234.0,2022,7,2022,10,94
61,9,85,38,234922,6,162.0,2023,10,2023,10,1
62,7,50,39,234566,6,227.0,2023,10,2023,10,2
63,3,57,70,232252,6,194.0,2023,3,2023,3,7
64,24,59,38,231417,6,171.0,2023,10,2023,10,3
65,3,62,80,230282,6,149.0,2022,11,2022,12,39
66,56,56,2,227788,6,276.0,2024,6,2024,6,7
67,9,47,29,227013,6,134.0,2023,12,2023,12,4
68,1,54,139,225562,6,261.0,2021,9,2021,11,62
69,37,63,70,222733,6,244.0,2022,1,2023,3,411
70,6,61,41,216410,6,201.0,2023,9,2023,9,8
71,13,43,26,216162,6,197.0,2023,12,2024,1,27
72,27,60,101,216089,6,222.0,2022,7,2022,8,11
73,1,70,156,215587,6,269.0,2021,7,2021,7,1
74,44,52,21,215232,6,254.0,2023,10,2024,2,110
75,11,64,33,215132,6,304.0,2023,11,2023,11,11
76,5,58,15,215121,6,161.0,2024,3,2024,3,3
77,33,74,64,209156,6,216.0,2023,3,2023,4,26
78,27,65,157,206331,6,237.0,2021,6,2021,7,10
79,9,72,70,199849,6,142.0,2023,3,2023,3,7
80,12,69,45,199435,6,258.0,2023,6,2023,8,82
81,33,80,132,198743,6,254.0,2016,3,2021,8,1984
82,62,77,14,195138,6,328.0,2023,3,2024,4,398
83,10,92,236,194330,6,222.0,2019,12,2019,12,13
84,1,146,6,192712,6,233.0,2024,5,2024,5,6
85,64,79,198,189303,6,237.0,2017,12,2021,6,1280
86,46,81,82,185370,6,245.0,2021,8,2022,12,501
87,62,82,89,185304,6,270.0,2022,3,2022,9,157
88,3,87,29,184292,6,195.0,2023,12,2023,12,4
89,89,-1,1,183713,6,230.0,2024,6,2024,7,9
90,10,86,27,180255,6,183.0,2023,11,2024,1,35
91,86,103,7,179725,6,210.0,2024,5,2024,5,6
92,4,93,115,179588,6,219.0,2022,4,2022,4,6
93,86,116,97,176956,6,262.0,2016,1,2022,8,2414
94,94,-1,1,176869,6,165.0,2024,6,2024,7,7
95,7,91,85,176578,6,281.0,2022,11,2024,6,557
96,3,89,185,176268,6,200.0,2020,12,2020,12,4
97,1,71,159,175846,6,202.0,2020,7,2024,6,1426
98,24,94,64,175497,6,214.0,2022,7,2022,8,4
99,1,90,153,175491,6,240.0,2021,7,2021,8,5
100,8,96,165,175251,6,172.0,2022,1,2022,1,6
101,6,97,78,174637,6,271.0,2023,1,2023,1,8
102,11,102,204,172666,6,235.0,2020,5,2021,7,423
103,8,106,29,171476,6,201.0,2023,12,2023,12,4
104,104,-1,1,167708,6,213.0,2024,7,2024,7,3
105,61,83,106,167119,6,120.0,2019,12,2021,8,607
106,1,117,245,166934,6,253.0,2019,10,2019,10,10
107,34,95,198,166918,6,178.0,2023,7,2023,7,6
108,18,118,58,166749,6,180.0,2022,1,2023,6,487
109,4,114,88,165454,6,257.0,2022,11,2022,11,0
110,15,98,8,165399,6,179.0,2024,5,2024,5,3
111,111,-1,1,165295,6,295.0,2024,6,2024,7,9
112,83,126,64,164714,6,296.0,2022,12,2022,12,3
113,113,167,16,164111,6,222.0,2020,9,2021,4,195
114,4,105,158,163224,6,228.0,2021,4,2021,4,2
115,22,101,102,162480,6,259.0,2022,7,2022,7,4
116,82,107,104,161761,6,281.0,2018,8,2022,12,1592
117,73,100,53,161387,6,227.0,2017,4,2020,6,1174
118,39,99,35,160680,6,185.0,2023,10,2023,10,2
119,8,104,70,159257,6,173.0,2023,3,2023,3,7
120,65,122,59,158071,6,156.0,2021,5,2023,5,710
121,76,115,107,157511,6,283.0,2020,7,2020,7,10
122,5,119,155,157230,6,218.0,2021,8,2021,8,11
123,50,158,19,156516,6,203.0,2023,6,2023,6,6
124,5,88,182,155875,6,270.0,2020,7,2020,7,5
125,13,121,16,153299,6,288.0,2024,3,2024,3,7
126,73,120,35,153207,6,211.0,2023,5,2023,5,8
127,127,-1,1,150501,6,190.0,2024,6,2024,6,6
128,76,76,4,149874,6,260.0,2024,6,2024,6,10
129,83,124,4,149777,6,186.0,2024,6,2024,6,7
130,71,132,205,149121,6,218.0,2015,11,2016,2,98
131,1,135,306,148405,6,221.0,2018,8,2018,8,6
132,132,-1,1,148223,6,323.0,2024,6,2024,7,10
133,3,140,135,148197,6,158.0,2021,12,2021,12,4
134,41,153,48,148024,6,232.0,2023,8,2023,8,7
135,1,112,159,147725,6,172.0,2021,6,2021,6,6
136,79,108,35,147104,6,206.0,2022,12,2023,9,290
137,30,137,38,146783,6,224.0,2023,10,2023,10,9
138,27,138,175,145948,6,269.0,2021,2,2021,2,7
139,85,134,12,144642,6,191.0,2019,12,2020,12,349
140,13,123,17,143895,6,92.0,2024,3,2024,3,6
141,16,141,26,143467,6,211.0,2024,1,2024,1,6
142,17,128,17,143225,6,229.0,2024,3,2024,3,6
143,56,142,22,143007,6,233.0,2024,1,2024,2,28
144,141,147,6,142684,6,302.0,2020,1,2024,5,1611
145,6,129,74,142653,6,154.0,2022,12,2022,12,7
146,17,130,326,142642,6,262.0,2016,12,2018,4,474
147,35,143,214,141865,6,259.0,2018,3,2018,11,219
148,30,110,6,140581,6,196.0,2024,5,2024,5,3
149,5,139,62,140111,6,178.0,2019,8,2019,8,6
150,5,159,59,139853,6,127.0,2023,4,2023,5,4
151,49,148,31,136873,6,310.0,2021,6,2023,3,639
152,110,125,30,136746,6,206.0,2019,1,2023,12,1808
153,1,145,266,136529,6,276.0,2019,1,2024,6,1978
154,73,73,2,135574,6,191.0,2024,6,2024,6,6
155,77,113,25,134069,6,168.0,2023,10,2024,1,92
156,75,75,2,133763,6,242.0,2024,6,2024,6,7
157,128,169,12,133338,6,255.0,2023,5,2023,12,212
158,19,131,87,133059,6,218.0,2019,7,2022,11,1221
159,70,176,116,132816,6,231.0,2018,11,2022,2,1185
160,160,-1,1,132585,6,147.0,2024,6,2024,7,28
161,1,165,186,131560,6,279.0,2022,9,2022,9,6
162,20,151,109,130633,6,231.0,2018,1,2022,6,1620
163,22,164,200,130093,6,259.0,2019,4,2024,6,1875
164,59,149,137,129591,6,213.0,2020,1,2021,9,613
165,97,160,14,128969,6,267.0,2021,1,2024,4,1189
166,2,162,212,128767,6,166.0,2018,8,2018,9,25
167,22,168,59,128695,6,194.0,2023,4,2023,5,4
168,39,144,31,128572,6,197.0,2023,12,2023,12,4
169,3,150,93,128416,6,203.0,2023,3,2023,3,0
170,10,163,172,128217,6,234.0,2020,11,2021,3,128
171,45,188,14,128107,6,170.0,2024,4,2024,4,3
172,33,166,80,128041,6,302.0,2022,5,2022,12,223
173,18,173,80,127960,6,265.0,2022,12,2022,12,7
174,84,154,8,127266,6,155.0,2024,4,2024,5,6
175,57,179,34,126329,6,210.0,2014,1,2023,3,3354
176,5,172,204,126274,6,272.0,2020,8,2020,8,5
177,3,111,20,125519,6,250.0,2024,2,2024,2,8
178,59,-1,191,125199,6,200.0,2020,6,2020,7,48
179,113,170,82,124826,6,267.0,2019,4,2021,10,920
180,178,178,2,124357,6,141.0,2024,5,2024,5,7
181,110,189,10,123983,6,168.0,2024,4,2024,4,3
182,1,-1,104,123161,6,142.0,2021,7,2024,6,1040
183,51,184,12,122221,6,215.0,2023,11,2023,11,6
184,3,136,180,122218,6,293.0,2021,5,2024,6,1123
185,30,174,39,122209,6,138.0,2023,9,2023,9,6
186,2,171,11,122199,6,229.0,2024,4,2024,4,7
187,173,194,9,121952,6,187.0,2020,5,2022,7,775
188,36,177,82,120612,6,261.0,2022,7,2023,6,325
189,155,155,31,120172,6,214.0,2022,11,2023,10,324
190,63,-1,131,119389,6,273.0,2016,1,2024,6,3074
191,53,191,34,117905,6,312.0,2023,11,2023,11,11
192,4,180,70,117614,6,204.0,2023,2,2023,2,9
193,62,-1,88,117234,6,237.0,2019,11,2021,10,693
194,49,200,77,116732,6,260.0,2016,11,2016,12,7
195,104,195,49,115727,6,303.0,2023,4,2023,6,69
196,87,185,157,114542,6,244.0,2021,6,2022,3,269
197,52,190,32,114356,6,225.0,2023,6,2023,6,9
198,187,-1,3,114322,6,266.0,2024,3,2024,6,90
199,81,-1,79,114290,6,242.0,2015,9,2022,12,2666
200,200,-1,1,114252,6,286.0,2024,6,2024,7,33
1,1,1,2,3711456,7,171.0,2024,7,2024,7,6
2,1,2,55,1765668,7,184.0,2023,11,2023,11,6
3,1,3,38,1525412,7,206.0,2023,11,2023,11,6
4,1,5,8,949740,7,279.0,2024,6,2024,6,5
5,2,6,51,750574,7,182.0,2023,8,2023,8,6
6,6,9,3,637708,7,245.0,2024,7,2024,7,3
7,7,13,4,631748,7,139.0,2024,7,2024,7,2
8,8,12,42,569702,7,202.0,2023,10,2024,3,143
9,8,15,48,544143,7,155.0,2023,7,2023,9,41
10,1,4,5,533062,7,183.0,2024,7,2024,7,0
11,4,11,7,520116,7,220.0,2024,6,2024,6,7
12,12,19,4,420390,7,248.0,2024,6,2024,7,18
13,8,18,5,414459,7,152.0,2024,6,2024,7,7
14,1,16,20,413671,7,148.0,2024,3,2024,3,6
15,1,20,21,406904,7,250.0,2024,3,2024,3,6
16,3,25,139,400565,7,208.0,2021,12,2021,12,8
17,1,26,40,400323,7,175.0,2023,12,2023,12,4
18,11,17,4,395983,7,256.0,2024,7,2024,7,3
19,2,27,111,390862,7,226.0,2022,6,2024,7,742
20,7,23,67,389551,7,228.0,2023,10,2023,10,3
21,2,21,22,388548,7,253.0,2024,3,2024,3,6
22,10,35,43,371233,7,166.0,2023,10,2024,7,275
23,23,29,4,365199,7,235.0,2024,7,2024,7,3
24,24,30,3,358968,7,157.0,2024,6,2024,7,23
25,11,38,48,357016,7,198.0,2022,6,2023,9,440
26,3,34,53,356337,7,272.0,2023,7,2023,8,3
27,3,33,32,352992,7,292.0,2023,12,2023,12,3
28,1,31,33,352210,7,236.0,2023,12,2023,12,7
29,9,24,6,348792,7,240.0,2024,6,2024,6,2
30,8,36,80,342046,7,279.0,2023,1,2023,1,24
31,14,43,33,338399,7,241.0,2023,12,2023,12,9
32,32,64,18,336341,7,328.0,2023,3,2024,4,398
33,1,28,189,332464,7,302.0,2020,12,2024,7,1289
34,1,37,74,331988,7,264.0,2023,8,2023,8,1
35,11,39,109,320734,7,255.0,2022,6,2022,7,7
36,5,41,188,318767,7,234.0,2020,12,2021,9,268
37,27,40,112,314289,7,240.0,2019,12,2022,5,873
38,38,65,39,313670,7,211.0,2023,5,2023,5,8
39,2,47,104,306210,7,242.0,2022,8,2022,8,7
40,9,46,43,304684,7,231.0,2023,10,2023,10,5
41,18,48,118,303559,7,258.0,2022,5,2022,5,2
42,2,45,145,303269,7,174.0,2021,10,2021,10,7
43,8,32,5,302362,7,138.0,2024,6,2024,7,7
44,7,7,2,299179,7,207.0,2024,7,2024,7,6
45,9,56,42,296946,7,162.0,2023,10,2023,10,1
46,6,53,36,294219,7,182.0,2023,11,2023,11,8
47,1,42,171,292780,7,276.0,2021,4,2024,7,1159
48,1,52,127,292199,7,156.0,2023,3,2023,3,0
49,15,44,14,291228,7,179.0,2024,2,2024,5,87
50,24,49,42,290394,7,171.0,2023,10,2023,10,3
51,22,50,29,283627,7,355.0,2023,12,2024,1,35
52,8,8,2,280709,7,188.0,2024,7,2024,7,6
53,10,51,7,274752,7,159.0,2024,6,2024,6,7
54,54,54,20,272536,7,222.0,2020,9,2021,4,195
55,55,74,101,272168,7,262.0,2016,1,2022,8,2414
56,11,63,58,272091,7,245.0,2023,6,2023,6,6
57,3,10,13,266864,7,223.0,2024,7,2024,7,0
58,9,67,171,265286,7,300.0,2023,3,2023,3,6
59,3,80,84,258190,7,149.0,2022,11,2022,12,39
60,60,61,3,256458,7,214.0,2024,7,2024,7,3
61,13,60,16,251754,7,223.0,2024,6,2024,6,2
62,3,57,166,246032,7,247.0,2021,5,2021,6,5
63,46,62,150,245159,7,193.0,2021,7,2024,7,1088
64,2,59,85,244885,7,192.0,2022,12,2024,7,564
65,2,70,104,244271,7,234.0,2022,7,2022,10,94
66,1,73,143,241140,7,261.0,2021,9,2021,11,62
67,34,68,197,239166,7,293.0,2017,4,2024,7,2648
68,64,86,202,236919,7,237.0,2017,12,2021,6,1280
69,37,77,74,233231,7,244.0,2022,1,2023,3,411
70,13,78,30,232128,7,197.0,2023,12,2024,1,27
71,3,75,74,231883,7,194.0,2023,3,2023,3,7
72,7,76,43,231432,7,227.0,2023,10,2024,7,275
73,7,72,43,227594,7,188.0,2023,10,2023,10,7
74,5,79,44,226394,7,306.0,2024,7,2024,7,0
75,6,91,82,223500,7,271.0,2023,1,2023,1,8
76,3,66,67,220339,7,240.0,2023,4,2024,7,434
77,12,83,49,219760,7,258.0,2023,6,2023,8,82
78,44,71,25,217716,7,254.0,2023,10,2024,2,110
79,4,84,63,217479,7,161.0,2022,12,2023,1,6
80,5,69,269,215464,7,260.0,2017,4,2024,7,2648
81,11,81,37,215062,7,304.0,2023,11,2023,11,11
82,1,90,160,211471,7,269.0,2021,7,2021,7,1
83,8,82,32,210868,7,195.0,2023,12,2023,12,10
84,46,94,86,209426,7,245.0,2021,8,2022,12,501
85,1,22,71,208563,7,212.0,2023,3,2023,3,6
86,9,92,33,208375,7,134.0,2023,12,2023,12,4
87,8,93,169,205801,7,172.0,2022,1,2022,1,6
88,13,89,15,205584,7,175.0,2024,4,2024,4,6
89,75,96,11,201918,7,210.0,2024,5,2024,5,6
90,54,87,6,201537,7,276.0,2024,6,2024,6,7
91,2,58,8,200177,7,167.0,2024,6,2024,6,6
92,9,104,74,200033,7,142.0,2023,3,2023,3,7
93,82,99,108,197971,7,281.0,2018,8,2022,12,1592
94,33,101,68,197272,7,216.0,2023,3,2023,4,26
95,1,97,157,196579,7,240.0,2021,7,2021,8,5
96,6,95,45,195146,7,201.0,2023,9,2023,9,8
97,11,103,208,194712,7,235.0,2020,5,2021,7,423
98,77,114,29,190644,7,168.0,2023,10,2024,1,92
99,27,85,105,189617,7,222.0,2022,7,2022,8,11
100,62,98,93,186901,7,270.0,2022,3,2022,9,157
101,1,108,310,184393,7,221.0,2018,8,2018,8,6
102,4,107,119,183091,7,219.0,2022,4,2022,4,6
103,27,100,161,181985,7,237.0,2021,6,2021,7,10
104,24,116,68,180482,7,214.0,2022,7,2022,8,4
105,76,112,111,179295,7,283.0,2020,7,2020,7,10
106,5,102,19,179032,7,161.0,2024,3,2024,3,3
107,81,88,5,178932,7,230.0,2024,6,2024,7,9
108,83,117,68,177906,7,296.0,2022,12,2022,12,3
109,79,110,39,176377,7,206.0,2022,12,2023,9,290
110,7,105,89,176361,7,281.0,2022,11,2024,7,587
111,19,123,91,175035,7,218.0,2019,7,2022,11,1221
112,2,115,44,174757,7,202.0,2023,10,2023,10,3
113,4,121,92,173497,7,257.0,2022,11,2022,11,0
114,61,113,110,173179,7,120.0,2019,12,2021,8,607
115,5,142,63,172359,7,127.0,2023,4,2023,5,4
116,65,135,63,172212,7,156.0,2021,5,2023,5,710
117,33,118,136,171224,7,254.0,2016,3,2021,8,1984
118,34,129,202,170149,7,178.0,2023,7,2023,7,6
119,3,111,189,169779,7,200.0,2020,12,2020,12,4
120,1,120,249,169411,7,253.0,2019,10,2019,10,10
121,27,128,179,167707,7,269.0,2021,2,2021,2,7
122,3,132,139,164950,7,158.0,2021,12,2021,12,4
123,4,109,162,164689,7,228.0,2021,4,2021,4,2
124,71,126,209,164257,7,218.0,2015,11,2016,2,98
125,30,147,42,162671,7,224.0,2023,10,2024,7,275
126,18,138,62,158878,7,180.0,2022,1,2023,6,487
127,10,127,240,158589,7,222.0,2019,12,2019,12,13
128,50,124,23,158257,7,203.0,2023,6,2023,6,6
129,73,131,57,157605,7,227.0,2017,4,2020,6,1174
130,22,106,106,156512,7,259.0,2022,7,2022,7,4
131,17,130,330,156011,7,262.0,2016,12,2018,4,474
132,70,165,120,151789,7,231.0,2018,11,2022,2,1185
133,13,153,93,151527,7,217.0,2020,6,2024,7,1482
134,33,154,84,151214,7,302.0,2022,5,2022,12,223
135,56,141,26,150806,7,233.0,2024,1,2024,2,28
136,128,144,16,148750,7,255.0,2023,5,2023,12,212
137,5,134,159,148358,7,218.0,2021,8,2021,8,11
138,15,151,236,148257,7,215.0,2018,4,2020,7,830
139,3,125,33,147176,7,195.0,2023,12,2023,12,4
140,59,133,195,147001,7,200.0,2020,6,2020,7,48
141,85,159,16,146689,7,191.0,2019,12,2020,12,349
142,36,163,86,146343,7,261.0,2022,7,2023,6,325
143,13,168,21,145695,7,92.0,2024,3,2024,3,6
144,119,119,2,145623,7,298.0,2024,4,2024,7,112
145,110,139,34,145458,7,206.0,2019,1,2023,12,1808
146,2,172,216,145144,7,166.0,2018,8,2018,9,25
147,30,161,43,144471,7,138.0,2023,9,2023,9,6
148,1,166,190,143546,7,279.0,2022,9,2022,9,6
149,54,122,5,143491,7,213.0,2024,7,2024,7,3
150,109,169,15,142749,7,260.0,2024,3,2024,3,10
151,6,167,78,141824,7,154.0,2022,12,2022,12,7
152,5,164,66,140381,7,178.0,2019,8,2019,8,6
153,21,-1,171,138553,7,376.0,2017,8,2024,7,2520
154,14,14,2,138411,7,145.0,2024,7,2024,7,6
155,16,145,30,138308,7,211.0,2024,1,2024,1,6
156,10,137,31,136795,7,183.0,2023,11,2024,1,35
157,142,197,48,136638,7,186.0,2021,11,2021,12,37
158,1,148,163,135764,7,202.0,2020,7,2024,7,1456
159,159,-1,1,135684,7,254.0,2024,7,2024,8,5
160,146,146,2,135553,7,197.0,2024,7,2024,7,10
161,65,189,79,135012,7,176.0,2021,12,2021,12,20
162,17,160,21,134714,7,229.0,2024,3,2024,3,6
163,117,136,4,134658,7,205.0,2024,6,2024,7,17
164,5,193,208,133791,7,272.0,2020,8,2020,8,5
165,137,171,3,132164,7,288.0,2024,7,2024,7,10
166,1,183,163,131836,7,172.0,2021,6,2021,6,6
167,1,155,270,131699,7,276.0,2019,1,2024,7,2008
168,8,157,74,131679,7,173.0,2023,3,2023,3,7
169,35,143,218,131228,7,259.0,2018,3,2018,11,219
170,10,177,176,131150,7,234.0,2020,11,2021,3,128
171,41,191,52,130908,7,232.0,2023,8,2023,8,7
172,125,140,4,130482,7,155.0,2024,6,2024,7,16
173,13,158,20,130297,7,288.0,2024,3,2024,3,7
174,152,184,5,130217,7,147.0,2024,6,2024,7,28
175,140,175,14,130027,7,230.0,2016,11,2016,12,6
176,3,182,97,129361,7,203.0,2023,3,2023,3,0
177,7,200,44,129098,7,134.0,2023,8,2023,8,1
178,8,149,54,128380,7,241.0,2023,5,2023,5,5
179,49,170,35,128308,7,310.0,2021,6,2023,3,639
180,22,180,204,127770,7,259.0,2019,4,2024,7,1905
181,137,152,4,127530,7,231.0,2024,6,2024,7,18
182,57,178,38,127484,7,210.0,2014,1,2023,3,3354
183,63,187,133,127247,7,273.0,2016,1,2024,7,3104
184,184,-1,1,126268,7,274.0,2024,1,2024,8,208
185,77,-1,169,126086,7,240.0,2017,1,2020,8,1334
186,76,196,8,126054,7,260.0,2024,6,2024,6,10
187,174,176,3,124908,7,191.0,2023,9,2024,7,301
188,18,174,84,124287,7,265.0,2022,12,2022,12,7
189,33,-1,15,124200,7,185.0,2023,11,2023,12,8
190,39,181,35,123652,7,197.0,2023,12,2023,12,4
191,49,-1,78,123504,7,260.0,2016,11,2016,12,7
192,106,179,10,123491,7,302.0,2023,2,2024,7,493
193,97,-1,17,122787,7,267.0,2021,1,2024,4,1189
194,20,186,113,121199,7,231.0,2018,1,2022,6,1620
195,59,-1,140,120811,7,213.0,2020,1,2021,9,613
196,62,195,40,119907,7,171.0,2023,8,2023,8,8
197,180,190,9,119836,7,268.0,2017,3,2018,3,366
198,51,185,24,119420,7,201.0,2023,10,2024,3,143
199,87,199,161,119336,7,244.0,2021,6,2022,3,269
200,29,-1,45,119321,7,212.0,2023,11,2024,7,233
1,1,1,7,2403508,8,171.0,2024,7,2024,7,6
2,1,2,60,2110303,8,184.0,2023,11,2023,11,6
3,1,3,43,1518605,8,206.0,2023,11,2023,11,6
4,4,5,3,1106977,8,252.0,2024,8,2024,8,6
5,5,19,2,888951,8,295.0,2024,8,2024,8,3
6,3,4,5,873461,8,203.0,2024,8,2024,8,6
7,5,6,5,710837,8,252.0,2024,8,2024,8,0
8,1,8,13,702562,8,279.0,2024,6,2024,6,5
9,6,7,5,683534,8,252.0,2024,8,2024,8,0
10,8,10,47,662267,8,202.0,2023,10,2024,3,143
11,11,-1,1,638790,8,202.0,2024,8,2024,9,7
12,6,9,8,619084,8,245.0,2024,8,2024,8,2
13,8,11,53,607208,8,155.0,2023,7,2023,9,41
14,2,12,56,585236,8,182.0,2023,8,2023,8,6
15,14,14,3,523610,8,258.0,2024,8,2024,8,3
16,6,18,41,510319,8,182.0,2023,11,2023,11,8
17,15,15,4,490875,8,278.0,2024,8,2024,8,0
18,7,17,72,466796,8,228.0,2023,10,2023,10,3
19,8,13,5,459970,8,199.0,2024,7,2024,8,8
20,20,20,28,416895,8,203.0,2023,6,2023,6,6
21,4,23,12,383538,8,220.0,2024,6,2024,6,7
22,3,27,58,382756,8,272.0,2023,7,2023,8,3
23,23,33,25,381547,8,222.0,2020,9,2021,4,195
24,14,24,38,380798,8,241.0,2023,12,2023,12,9
25,1,31,45,378520,8,175.0,2023,12,2023,12,4
26,3,26,144,378117,8,208.0,2021,12,2021,12,8
27,24,29,47,377055,8,171.0,2023,10,2023,10,3
28,11,25,53,373998,8,198.0,2022,6,2023,9,440
29,11,16,5,367234,8,183.0,2024,8,2024,8,6
30,9,30,48,367035,8,231.0,2023,10,2023,10,5
31,7,22,9,364620,8,139.0,2024,7,2024,7,2
32,23,34,9,351759,8,235.0,2024,8,2024,8,2
33,2,36,27,351503,8,253.0,2024,3,2024,3,6
34,11,38,9,346741,8,256.0,2024,8,2024,8,2
35,32,42,23,343060,8,328.0,2023,3,2024,4,398
36,1,43,38,340149,8,236.0,2023,12,2023,12,7
37,10,35,48,339449,8,166.0,2023,10,2024,7,275
38,1,32,26,334228,8,250.0,2024,3,2024,3,6
39,9,44,47,329611,8,162.0,2023,10,2023,10,1
40,1,40,79,328727,8,264.0,2023,8,2023,8,1
41,21,28,106,328487,8,262.0,2016,1,2022,8,2414
42,2,46,116,318943,8,226.0,2022,6,2024,8,773
43,10,21,5,312575,8,131.0,2024,7,2024,8,8
44,5,47,193,312055,8,234.0,2020,12,2021,9,268
45,2,53,109,311140,8,242.0,2022,8,2022,8,7
46,2,39,150,306068,8,174.0,2021,10,2021,10,7
47,8,54,85,302480,8,279.0,2023,1,2023,1,24
48,11,45,114,301880,8,255.0,2022,6,2022,7,7
49,7,37,7,300542,8,207.0,2024,7,2024,7,6
50,1,52,132,296798,8,156.0,2023,3,2023,3,0
51,2,60,90,285835,8,192.0,2022,12,2024,8,595
52,1,56,194,282414,8,302.0,2020,12,2024,8,1320
53,1,51,25,281391,8,148.0,2024,3,2024,3,6
54,41,41,3,279362,8,232.0,2024,8,2024,8,3
55,38,48,44,276788,8,211.0,2023,5,2023,5,8
56,46,71,155,276674,8,193.0,2021,7,2024,8,1119
57,8,49,10,272870,8,152.0,2024,6,2024,7,7
58,18,57,123,272839,8,258.0,2022,5,2022,5,2
59,12,58,9,265963,8,248.0,2024,6,2024,7,18
60,9,65,176,265859,8,300.0,2023,3,2023,3,6
61,3,73,171,264417,8,247.0,2021,5,2021,6,5
62,11,62,63,261993,8,245.0,2023,6,2023,6,6
63,3,61,37,258217,8,292.0,2023,12,2023,12,3
64,51,75,115,257745,8,120.0,2019,12,2021,8,607
65,15,169,13,252629,8,179.0,2024,5,2024,5,3
66,63,63,16,251450,8,210.0,2024,5,2024,5,6
67,67,69,3,248248,8,225.0,2024,4,2024,8,118
68,68,-1,1,243361,8,204.0,2024,8,2024,9,9
69,48,74,8,243133,8,214.0,2024,8,2024,8,2
70,1,66,148,242577,8,261.0,2021,9,2021,11,62
71,3,78,89,239328,8,149.0,2022,11,2022,12,39
72,34,81,202,238788,8,293.0,2017,4,2024,8,2679
73,9,70,11,235125,8,240.0,2024,6,2024,6,2
74,22,64,34,235050,8,355.0,2023,12,2024,1,35
75,2,77,109,234826,8,234.0,2022,7,2022,10,94
76,59,59,3,233789,8,333.0,2024,8,2024,8,3
77,1,76,176,232398,8,276.0,2021,4,2024,8,1190
78,7,80,48,229266,8,188.0,2023,10,2023,10,7
79,10,84,12,224013,8,159.0,2024,6,2024,6,7
80,13,87,20,221962,8,175.0,2024,4,2024,4,6
81,8,98,174,221109,8,172.0,2022,1,2022,1,6
82,19,79,96,220720,8,218.0,2019,7,2022,11,1221
83,83,147,2,219112,8,221.0,2024,8,2024,8,24
84,13,105,35,218364,8,197.0,2023,12,2024,1,27
85,12,72,54,216779,8,258.0,2023,6,2023,8,82
86,86,175,2,214165,8,238.0,2024,8,2024,8,3
87,77,88,34,212049,8,168.0,2023,10,2024,1,92
88,1,86,162,210821,8,240.0,2021,7,2021,8,5
89,37,82,79,209835,8,244.0,2022,1,2023,3,411
90,15,83,19,209517,8,179.0,2024,2,2024,5,87
91,7,97,48,208616,8,227.0,2023,10,2024,7,275
92,13,90,98,208609,8,217.0,2020,6,2024,7,1482
93,1,92,165,208225,8,269.0,2021,7,2021,7,1
94,33,104,141,205199,8,254.0,2016,3,2021,8,1984
95,5,100,49,204301,8,306.0,2024,7,2024,8,21
96,82,106,113,204247,8,281.0,2018,8,2022,12,1592
97,11,103,213,203643,8,235.0,2020,5,2021,7,423
98,98,-1,1,203366,8,248.0,2024,8,2024,9,6
99,1,50,41,202958,8,169.0,2023,4,2023,4,6
100,9,89,79,202661,8,142.0,2023,3,2023,3,7
101,66,67,5,202639,8,273.0,2024,8,2024,8,0
102,102,-1,1,201983,8,260.0,2024,9,2024,9,3
103,103,-1,1,200863,8,210.0,2024,9,2024,9,3
104,3,96,79,200588,8,194.0,2023,3,2023,3,7
105,27,99,117,198652,8,240.0,2019,12,2024,8,1685
106,3,114,72,196926,8,240.0,2023,4,2024,8,465
107,59,117,200,196698,8,200.0,2020,6,2020,7,48
108,33,95,73,195125,8,216.0,2023,3,2023,4,26
109,4,94,68,194067,8,161.0,2022,12,2023,1,6
110,24,85,8,193703,8,157.0,2024,6,2024,7,23
111,6,110,50,192303,8,201.0,2023,9,2023,9,8
112,13,102,21,192078,8,223.0,2024,6,2024,6,2
113,79,93,44,191403,8,206.0,2022,12,2023,9,290
114,54,108,11,188532,8,276.0,2024,6,2024,6,7
115,24,107,73,187758,8,214.0,2022,7,2022,8,4
116,11,113,42,187040,8,304.0,2023,11,2023,11,11
117,46,115,91,186669,8,245.0,2021,8,2022,12,501
118,5,112,274,184135,8,260.0,2017,4,2024,8,2679
119,44,111,30,182778,8,254.0,2023,10,2024,2,110
120,4,119,124,181763,8,219.0,2022,4,2022,4,6
121,110,138,39,181554,8,206.0,2019,1,2023,12,1808
122,34,116,207,179199,8,178.0,2023,7,2023,7,6
123,41,101,5,179076,8,314.0,2024,8,2024,8,5
124,17,143,335,178119,8,262.0,2016,12,2018,4,474
125,8,123,37,174754,8,195.0,2023,12,2023,12,10
126,9,118,38,174458,8,134.0,2023,12,2023,12,4
127,62,122,98,174399,8,270.0,2022,3,2022,9,157
128,128,-1,1,173082,8,165.0,2024,9,2024,9,3
129,129,-1,1,171295,8,165.0,2024,8,2024,9,8
130,1,141,315,171216,8,221.0,2018,8,2018,8,6
131,4,136,97,171087,8,257.0,2022,11,2022,11,0
132,3,125,194,171083,8,200.0,2020,12,2020,12,4
133,27,124,166,170577,8,237.0,2021,6,2021,7,10
134,1,148,195,169706,8,279.0,2022,9,2022,9,6
135,104,127,4,168913,8,294.0,2024,8,2024,8,5
136,109,109,21,168481,8,255.0,2023,5,2023,12,212
137,10,131,245,168206,8,222.0,2019,12,2019,12,13
138,76,121,116,165304,8,283.0,2020,7,2020,7,10
139,5,173,68,164139,8,127.0,2023,4,2023,5,4
140,21,55,5,162208,8,167.0,2024,8,2024,8,6
141,18,68,3,160953,8,180.0,2024,8,2024,8,7
142,3,154,144,160544,8,158.0,2021,12,2021,12,4
143,27,133,184,157959,8,269.0,2021,2,2021,2,7
144,35,165,223,156761,8,259.0,2018,3,2018,11,219
145,64,137,207,156695,8,237.0,2018,3,2024,8,2343
146,135,135,2,155382,8,157.0,2024,8,2024,8,6
147,65,129,68,154850,8,156.0,2021,5,2023,5,710
148,1,152,254,154525,8,253.0,2019,10,2019,10,10
149,149,187,2,152594,8,192.0,2024,8,2024,8,22
150,56,161,31,151299,8,233.0,2024,1,2024,2,28
151,83,126,8,150892,8,186.0,2024,6,2024,6,7
152,113,159,89,150553,8,267.0,2019,4,2021,10,920
153,139,139,2,149991,8,279.0,2024,8,2024,8,3
154,17,145,26,149419,8,229.0,2024,3,2024,3,6
155,142,162,13,147877,8,234.0,2017,5,2024,4,2528
156,27,134,110,145681,8,222.0,2022,7,2022,8,11
157,6,156,83,145313,8,154.0,2022,12,2022,12,7
158,158,179,4,144465,8,346.0,2023,3,2024,8,531
159,7,167,94,143088,8,281.0,2022,11,2024,8,618
160,10,192,35,142310,8,183.0,2023,11,2024,1,35
161,1,155,275,141235,8,276.0,2019,1,2024,8,2039
162,18,146,67,140513,8,180.0,2022,1,2023,6,487
163,30,157,48,139887,8,138.0,2023,9,2023,9,6
164,22,158,209,139594,8,259.0,2019,4,2024,8,1936
165,165,-1,1,139587,8,309.0,2024,9,2024,9,3
166,166,-1,1,139092,8,197.0,2024,8,2024,9,6
167,1,120,21,138974,8,226.0,2020,5,2024,8,1532
168,65,140,84,138685,8,176.0,2021,12,2021,12,20
169,87,151,166,138201,8,244.0,2021,6,2022,3,269
170,52,160,74,137906,8,254.0,2020,6,2024,8,1503
171,22,91,5,137577,8,216.0,2024,8,2024,8,6
172,5,168,71,136352,8,178.0,2019,8,2019,8,6
173,173,-1,1,136169,8,223.0,2024,8,2024,9,20
174,4,185,73,135462,8,204.0,2023,2,2023,2,9
175,36,171,91,135454,8,261.0,2022,7,2023,6,325
176,85,-1,20,134600,8,191.0,2019,12,2020,12,349
177,3,163,38,134393,8,195.0,2023,12,2023,12,4
178,2,176,221,133222,8,166.0,2018,8,2018,9,25
179,142,198,52,133126,8,186.0,2021,11,2021,12,37
180,2,164,49,133073,8,202.0,2023,10,2023,10,3
181,3,177,102,132353,8,203.0,2023,3,2023,3,0
182,51,170,27,131092,8,201.0,2023,10,2024,3,143
183,10,174,181,130592,8,234.0,2020,11,2021,3,128
184,152,183,10,130433,8,147.0,2024,6,2024,7,28
185,57,194,42,130010,8,210.0,2014,1,2023,3,3354
186,13,191,25,129864,8,92.0,2024,3,2024,3,6
187,117,149,9,129398,8,205.0,2024,8,2024,8,2
188,5,-1,161,128838,8,218.0,2021,8,2021,8,11
189,15,172,241,128714,8,215.0,2018,4,2020,7,830
190,8,-1,58,128505,8,241.0,2023,5,2023,5,5
191,5,189,212,128054,8,272.0,2020,8,2020,8,5
192,8,144,79,127963,8,173.0,2023,3,2023,3,7
193,5,186,24,127856,8,161.0,2024,3,2024,3,3
194,122,150,7,127387,8,197.0,2024,8,2024,8,2
195,49,-1,79,127219,8,260.0,2016,11,2016,12,7
196,13,-1,22,126749,8,288.0,2024,3,2024,3,7
197,49,193,40,126378,8,310.0,2021,6,2023,3,639
198,6,199,87,125920,8,271.0,2023,1,2023,1,8
199,33,188,89,125389,8,302.0,2022,5,2022,12,223
200,21,-1,172,125285,8,376.0,2017,8,2024,8,2551
1,1,1,64,4066056,9,184.0,2023,11,2023,11,6
2,1,3,47,2499194,9,206.0,2023,11,2023,11,6
3,1,2,11,2367120,9,171.0,2024,7,2024,7,6
4,4,4,5,1152577,9,196.0,2024,9,2024,10,6
5,5,8,3,1012873,9,176.0,2024,9,2024,9,1
6,6,14,2,1011767,9,203.0,2024,9,2024,9,8
7,5,5,4,979881,9,210.0,2024,8,2024,9,12
8,8,12,3,887218,9,253.0,2024,9,2024,9,3
9,5,6,6,859573,9,295.0,2024,8,2024,8,3
10,4,7,7,821357,9,252.0,2024,8,2024,8,6
11,8,9,51,792767,9,202.0,2023,10,2024,3,143
12,2,10,60,685415,9,182.0,2023,8,2023,8,6
13,13,23,3,682313,9,316.0,2024,9,2024,9,3
14,6,15,12,681911,9,245.0,2024,8,2024,8,2
15,8,11,57,673052,9,155.0,2023,7,2023,9,41
16,6,17,9,647082,9,252.0,2024,8,2024,8,0
17,1,16,17,642851,9,279.0,2024,6,2024,6,5
18,3,13,9,633367,9,203.0,2024,8,2024,8,6
19,7,22,76,568456,9,228.0,2023,10,2023,10,3
20,6,20,45,563526,9,182.0,2023,11,2023,11,8
21,5,24,9,545266,9,252.0,2024,8,2024,8,0
22,14,21,7,530097,9,258.0,2024,8,2024,8,3
23,18,18,4,520807,9,213.0,2024,9,2024,9,8
24,14,19,5,479793,9,210.0,2024,8,2024,9,5
25,24,26,51,457506,9,171.0,2023,10,2023,10,3
26,1,38,42,447982,9,236.0,2024,9,2024,9,0
27,22,33,29,442817,9,222.0,2020,9,2021,4,195
28,28,28,27,427138,9,328.0,2023,3,2024,4,398
29,15,25,5,423953,9,260.0,2024,8,2024,9,19
30,11,30,57,415189,9,198.0,2022,6,2023,9,440
31,31,51,48,413648,9,211.0,2023,5,2023,5,8
32,27,27,4,407470,9,265.0,2024,8,2024,9,12
33,3,32,148,395348,9,208.0,2021,12,2021,12,8
34,14,29,42,390050,9,241.0,2023,12,2023,12,9
35,35,47,6,387014,9,221.0,2024,8,2024,8,24
36,1,37,49,377997,9,175.0,2023,12,2023,12,4
37,1,40,83,373337,9,264.0,2023,8,2023,8,1
38,21,31,110,365504,9,262.0,2016,1,2022,8,2414
39,39,48,159,362935,9,193.0,2021,7,2024,9,1150
40,2,35,120,360358,9,226.0,2022,6,2024,9,804
41,9,45,51,358857,9,162.0,2023,10,2023,10,1
42,3,34,62,357726,9,272.0,2023,7,2023,8,3
43,43,50,4,356061,9,223.0,2024,9,2024,9,1
44,2,36,31,354858,9,253.0,2024,3,2024,3,6
45,2,43,113,354401,9,242.0,2022,8,2022,8,7
46,46,57,2,351858,9,159.0,2024,9,2024,9,8
47,9,53,52,348003,9,231.0,2023,10,2023,10,5
48,11,46,13,345850,9,256.0,2024,8,2024,8,2
49,20,39,32,343577,9,203.0,2023,6,2023,6,6
50,2,52,154,336095,9,174.0,2021,10,2021,10,7
51,15,49,8,334786,9,278.0,2024,8,2024,8,0
52,52,-1,1,334509,9,260.0,2024,9,2024,10,6
53,11,44,118,327593,9,255.0,2022,6,2022,7,7
54,8,41,9,327353,9,199.0,2024,7,2024,8,8
55,8,42,89,317735,9,279.0,2023,1,2023,1,24
56,2,54,94,313719,9,192.0,2022,12,2024,9,626
57,10,55,52,310761,9,166.0,2023,10,2024,7,275
58,5,58,197,296778,9,234.0,2020,12,2021,9,268
59,4,59,16,294588,9,220.0,2024,6,2024,6,7
60,1,60,30,286055,9,250.0,2024,3,2024,3,6
61,61,-1,1,285131,9,233.0,2024,9,2024,10,6
62,18,72,127,285069,9,258.0,2022,5,2022,5,2
63,1,136,34,283156,9,214.0,2023,4,2023,4,6
64,7,56,13,279886,9,139.0,2024,7,2024,7,2
65,65,70,2,279292,9,160.0,2024,9,2024,9,8
66,61,61,2,274046,9,169.0,2024,9,2024,9,8
67,1,66,136,273627,9,156.0,2023,3,2023,3,0
68,7,71,11,266498,9,207.0,2024,7,2024,7,6
69,23,63,13,266296,9,235.0,2024,8,2024,8,2
70,11,68,67,264006,9,245.0,2023,6,2023,6,6
71,9,65,180,262064,9,300.0,2023,3,2023,3,6
72,1,74,152,253877,9,261.0,2021,9,2021,11,62
73,19,75,100,253148,9,218.0,2019,7,2022,11,1221
74,1,97,199,246945,9,279.0,2022,9,2022,9,6
75,11,69,9,243106,9,183.0,2024,8,2024,8,6
76,34,87,211,241594,9,178.0,2023,7,2023,7,6
77,63,99,20,239204,9,210.0,2024,5,2024,5,6
78,15,90,17,238042,9,179.0,2024,5,2024,5,3
79,22,73,38,237356,9,355.0,2023,12,2024,1,35
80,2,84,113,235539,9,234.0,2022,7,2022,10,94
81,1,80,29,235184,9,148.0,2024,3,2024,3,6
82,34,82,206,235022,9,293.0,2017,4,2024,9,2710
83,17,95,339,229128,9,262.0,2016,12,2018,4,474
84,8,81,178,226773,9,172.0,2022,1,2022,1,6
85,13,-1,25,226549,9,288.0,2024,9,2024,9,0
86,7,77,52,224527,9,188.0,2023,10,2023,10,7
87,3,86,41,223834,9,292.0,2023,12,2024,9,269
88,5,94,53,223212,9,306.0,2024,7,2024,9,52
89,8,62,14,221753,9,152.0,2024,6,2024,7,7
90,33,93,145,221007,9,254.0,2016,3,2021,8,1984
91,78,78,117,220338,9,281.0,2018,8,2022,12,1592
92,1,92,198,218762,9,302.0,2020,12,2024,9,1351
93,41,103,7,218010,9,232.0,2024,8,2024,8,3
94,3,83,175,217782,9,247.0,2021,5,2021,6,5
95,44,91,34,217511,9,254.0,2023,10,2024,2,110
96,77,109,38,216938,9,168.0,2023,10,2024,1,92
97,5,64,4,216521,9,157.0,2024,9,2024,9,6
98,59,111,204,215948,9,200.0,2020,6,2020,7,48
99,12,79,58,215868,9,258.0,2023,6,2023,8,82
100,51,88,119,214818,9,120.0,2019,12,2021,8,607
101,53,67,5,212250,9,309.0,2024,8,2024,9,5
102,13,112,39,211862,9,197.0,2023,12,2024,1,27
103,27,98,121,211648,9,240.0,2019,12,2024,9,1716
104,3,89,93,209280,9,149.0,2022,11,2022,12,39
105,3,100,76,208194,9,240.0,2023,4,2024,9,496
106,4,113,128,207800,9,219.0,2022,4,2022,4,6
107,9,116,83,207710,9,142.0,2023,3,2023,3,7
108,13,102,102,207517,9,217.0,2020,6,2024,7,1482
109,12,85,13,207140,9,248.0,2024,6,2024,7,18
110,1,110,169,206238,9,269.0,2021,7,2021,7,1
111,1,101,180,205111,9,276.0,2021,4,2024,9,1221
112,3,107,83,203783,9,194.0,2023,3,2023,3,7
113,46,104,95,198951,9,245.0,2021,8,2022,12,501
114,7,117,52,198780,9,227.0,2023,10,2024,7,275
115,33,106,77,197900,9,216.0,2023,3,2023,4,26
116,79,108,48,196163,9,206.0,2022,12,2023,9,290
117,1,-1,42,193036,9,169.0,2023,4,2023,4,6
118,37,105,83,191535,9,244.0,2022,1,2023,3,411
119,3,130,198,189622,9,200.0,2020,12,2020,12,4
120,4,115,72,188017,9,161.0,2022,12,2023,1,6
121,5,124,278,187101,9,260.0,2017,4,2024,9,2710
122,24,118,77,184805,9,214.0,2022,7,2022,8,4
123,59,145,7,184176,9,333.0,2024,8,2024,8,3
124,124,-1,1,181550,9,228.0,2024,9,2024,10,6
125,76,126,120,180715,9,283.0,2020,7,2020,7,10
126,109,129,25,179520,9,255.0,2023,5,2023,12,212
127,7,160,98,178467,9,281.0,2022,11,2024,9,649
128,122,122,8,178330,9,346.0,2023,3,2024,8,531
129,11,123,217,177186,9,235.0,2024,6,2024,9,67
130,1,135,319,177016,9,221.0,2018,8,2018,8,6
131,1,121,166,176103,9,240.0,2021,7,2021,8,5
132,10,120,16,175126,9,159.0,2024,6,2024,6,7
133,65,141,72,175029,9,156.0,2021,5,2023,5,710
134,61,76,5,174202,9,204.0,2024,8,2024,9,9
135,11,128,46,173851,9,304.0,2023,11,2023,11,11
136,35,125,227,172094,9,259.0,2018,3,2018,11,219
137,4,134,101,171544,9,257.0,2022,11,2022,11,0
138,9,96,15,171105,9,240.0,2024,6,2024,6,2
139,10,114,9,170681,9,131.0,2024,7,2024,8,8
140,10,137,249,169829,9,222.0,2019,12,2019,12,13
141,54,140,15,169111,9,276.0,2024,6,2024,6,7
142,13,119,24,168657,9,175.0,2024,8,2024,9,9
143,1,151,258,168561,9,253.0,2019,10,2019,10,10
144,7,165,33,168222,9,210.0,2021,1,2021,9,243
145,27,133,170,167555,9,237.0,2021,6,2021,7,10
146,62,143,102,166323,9,270.0,2022,3,2022,9,157
147,110,138,43,166305,9,206.0,2019,1,2023,12,1808
148,69,162,11,165263,9,180.0,2024,2,2024,2,10
149,48,142,12,164285,9,214.0,2024,8,2024,8,2
150,71,194,213,164212,9,218.0,2015,11,2024,9,3223
151,1,-1,22,163652,9,226.0,2020,5,2024,9,1563
152,142,150,17,162605,9,234.0,2017,5,2024,4,2528
153,8,139,41,162316,9,195.0,2023,12,2023,12,10
154,2,127,53,161219,9,202.0,2023,10,2023,10,3
155,13,132,25,160263,9,223.0,2024,6,2024,6,2
156,64,147,211,158964,9,237.0,2018,3,2024,8,2343
157,73,164,64,158470,9,227.0,2017,4,2024,9,2710
158,66,158,9,157836,9,273.0,2024,8,2024,8,0
159,6,144,54,156720,9,201.0,2023,9,2023,9,8
160,87,166,170,155946,9,244.0,2021,6,2022,3,269
161,9,149,42,155803,9,134.0,2023,12,2023,12,4
162,131,131,3,153600,9,327.0,2024,8,2024,9,19
163,6,170,87,153482,9,154.0,2022,12,2022,12,7
164,3,159,148,152667,9,158.0,2021,12,2021,12,4
165,152,152,3,152276,9,355.0,2019,12,2024,9,1735
166,30,171,52,149474,9,138.0,2023,9,2023,9,6
167,86,161,6,149392,9,238.0,2024,8,2024,8,3
168,13,184,29,146707,9,92.0,2024,3,2024,3,6
169,27,155,188,146149,9,269.0,2021,2,2021,2,7
170,18,169,71,145898,9,180.0,2022,1,2023,6,487
171,27,163,114,145433,9,222.0,2022,7,2022,8,11
172,32,172,73,143582,9,206.0,2021,4,2021,4,7
173,1,173,279,142720,9,276.0,2019,1,2024,9,2070
174,1,198,114,141258,9,258.0,2022,9,2022,9,6
175,65,156,88,140763,9,176.0,2021,12,2021,12,20
176,49,182,83,140507,9,260.0,2016,11,2016,12,7
177,21,168,176,140458,9,376.0,2017,8,2024,9,2582
178,56,154,35,139853,9,233.0,2024,1,2024,2,28
179,151,187,16,139848,9,187.0,2020,5,2022,7,775
180,8,179,62,139566,9,241.0,2023,5,2023,5,5
181,17,186,30,139125,9,229.0,2024,3,2024,3,6
182,10,193,184,138752,9,234.0,2020,11,2021,3,128
183,174,174,2,138598,9,224.0,2024,3,2024,9,202
184,5,196,165,138023,9,218.0,2021,8,2021,8,11
185,22,146,213,137905,9,259.0,2019,4,2024,9,1967
186,33,-1,18,137796,9,185.0,2023,11,2023,12,8
187,142,191,54,137762,9,186.0,2021,11,2021,12,37
188,85,178,24,137543,9,191.0,2019,12,2020,12,349
189,114,190,64,137460,9,287.0,2016,10,2024,9,2879
190,36,185,95,136281,9,261.0,2022,7,2023,6,325
191,109,175,20,135958,9,260.0,2024,3,2024,3,10
192,5,195,75,134842,9,178.0,2019,8,2019,8,6
193,19,197,79,134400,9,277.0,2022,9,2022,9,6
194,33,153,93,134226,9,302.0,2022,5,2022,12,223
195,67,167,7,133668,9,225.0,2024,4,2024,8,118
196,3,-1,104,133506,9,203.0,2023,3,2023,3,0
197,8,-1,65,133028,9,205.0,2023,8,2023,8,15
198,1,-1,105,132592,9,142.0,2021,7,2024,9,1132
199,2,-1,223,131151,9,166.0,2018,8,2018,9,25
200,15,188,245,130427,9,215.0,2018,4,2020,7,830
1,1,1,68,3204169,10,184.0,2023,11,2023,11,6
2,1,3,15,2351773,10,171.0,2024,7,2024,7,6
3,1,4,51,1660061,10,206.0,2023,11,2023,11,6
4,2,2,2,1537294,10,170.0,2024,10,2024,10,6
5,5,-1,1,1433598,10,182.0,2024,10,2024,10,6
6,4,6,9,1083566,10,196.0,2024,9,2024,10,6
7,4,5,6,996978,10,203.0,2024,9,2024,9,8
8,5,7,8,925029,10,210.0,2024,8,2024,9,12
9,4,9,11,897011,10,252.0,2024,8,2024,8,6
10,8,8,4,877616,10,262.0,2024,10,2024,10,5
11,11,11,52,824679,10,211.0,2023,5,2023,5,8
12,8,10,55,807376,10,202.0,2023,10,2024,3,143
13,2,24,64,747107,10,182.0,2023,8,2023,8,6
14,8,16,61,731169,10,155.0,2023,7,2023,9,41
15,5,14,10,723032,10,295.0,2024,8,2024,8,3
16,7,13,7,695699,10,253.0,2024,9,2024,9,1
17,6,17,16,688632,10,245.0,2024,8,2024,8,2
18,6,21,49,673928,10,182.0,2023,11,2023,11,8
19,15,15,4,669891,10,215.0,2024,10,2024,10,8
20,7,20,80,648418,10,228.0,2023,10,2023,10,3
21,1,19,21,621186,10,279.0,2024,6,2024,6,5
22,22,25,5,608197,10,233.0,2024,9,2024,10,6
23,14,27,11,533106,10,258.0,2024,8,2024,8,3
24,5,18,7,529356,10,176.0,2024,9,2024,9,1
25,13,23,7,527780,10,316.0,2024,9,2024,9,1
26,6,12,3,526029,10,137.0,2024,10,2024,10,7
27,6,22,13,525817,10,252.0,2024,8,2024,8,0
28,3,26,13,522406,10,203.0,2024,8,2024,8,6
29,22,28,33,506833,10,222.0,2020,9,2021,4,195
30,30,-1,1,476135,10,211.0,2024,10,2024,10,9
31,5,29,13,464536,10,252.0,2024,8,2024,8,0
32,3,30,152,452999,10,208.0,2021,12,2021,12,8
33,1,38,46,447627,10,236.0,2024,9,2024,10,4
34,11,33,61,447290,10,198.0,2022,6,2023,9,440
35,2,36,117,441238,10,242.0,2022,8,2022,8,7
36,36,92,2,438344,10,183.0,2024,10,2024,10,3
37,24,37,55,427620,10,171.0,2023,10,2023,10,3
38,38,-1,1,423305,10,239.0,2024,10,2024,10,8
39,11,32,122,412462,10,255.0,2022,6,2022,7,7
40,28,31,31,409046,10,328.0,2023,3,2024,4,398
41,1,44,53,407090,10,175.0,2023,12,2023,12,4
42,3,45,66,406982,10,272.0,2023,7,2023,8,3
43,9,39,56,403110,10,231.0,2023,10,2023,10,5
44,34,34,4,402701,10,156.0,2024,10,2024,10,7
45,1,46,87,393578,10,264.0,2023,8,2023,8,1
46,39,47,163,393235,10,193.0,2021,7,2024,10,1180
47,18,43,8,388491,10,213.0,2024,9,2024,9,8
48,14,48,46,381570,10,241.0,2023,12,2023,12,9
49,9,41,55,374003,10,162.0,2023,10,2023,10,1
50,15,42,9,373823,10,260.0,2024,8,2024,9,19
51,34,40,10,363389,10,221.0,2024,8,2024,8,24
52,2,54,158,360676,10,174.0,2021,10,2021,10,7
53,5,53,201,357062,10,234.0,2020,12,2021,9,268
54,27,49,8,356710,10,265.0,2024,8,2024,9,12
55,14,35,9,345740,10,210.0,2024,8,2024,9,5
56,21,57,114,339399,10,262.0,2016,1,2022,8,2414
57,2,50,35,330358,10,253.0,2024,3,2024,3,6
58,30,51,8,329677,10,223.0,2024,9,2024,9,1
59,2,59,98,329060,10,192.0,2022,12,2024,10,656
60,18,63,131,328631,10,258.0,2022,5,2022,5,2
61,61,75,2,327981,10,184.0,2024,10,2024,10,10
62,8,52,93,322154,10,279.0,2023,1,2023,1,24
63,20,55,36,315778,10,203.0,2023,6,2023,6,6
64,1,58,34,310136,10,250.0,2024,3,2024,3,6
65,4,67,20,309083,10,220.0,2024,6,2024,6,7
66,11,61,17,308403,10,256.0,2024,8,2024,8,2
67,10,60,56,301559,10,166.0,2023,10,2024,7,275
68,47,56,5,297716,10,260.0,2024,9,2024,10,6
69,1,71,173,291624,10,269.0,2021,7,2021,7,1
70,7,65,15,285491,10,207.0,2024,7,2024,7,6
71,34,78,210,284207,10,293.0,2017,4,2024,10,2740
72,72,-1,1,283711,10,267.0,2023,6,2024,10,492
73,1,73,156,279671,10,261.0,2021,9,2021,11,62
74,1,70,140,277628,10,156.0,2023,3,2023,3,0
75,1,86,33,272105,10,148.0,2024,3,2024,3,6
76,9,68,184,270415,10,300.0,2023,3,2023,3,6
77,3,91,179,266123,10,247.0,2021,5,2021,6,5
78,7,87,56,263756,10,188.0,2023,10,2023,10,7
79,1,84,202,263312,10,302.0,2020,12,2024,10,1381
80,1,88,203,262662,10,279.0,2022,9,2022,9,6
81,74,81,121,261068,10,281.0,2018,8,2022,12,1592
82,5,98,57,260245,10,306.0,2024,7,2024,10,82
83,83,101,14,259855,10,199.0,2024,1,2024,2,8
84,2,72,117,258630,10,234.0,2022,7,2022,10,94
85,2,62,124,257562,10,226.0,2022,6,2024,10,834
86,3,90,45,256227,10,292.0,2023,12,2024,9,269
87,7,76,17,253741,10,139.0,2024,7,2024,7,2
88,15,89,12,253427,10,278.0,2024,8,2024,8,0
89,8,80,182,249643,10,172.0,2022,1,2022,1,6
90,42,-1,2,249267,10,115.0,2024,10,2024,10,0
91,11,79,71,249247,10,245.0,2023,6,2023,6,6
92,13,83,43,247899,10,197.0,2023,12,2024,1,27
93,22,94,42,246235,10,355.0,2023,12,2024,1,35
94,34,99,215,244756,10,178.0,2023,7,2023,7,6
95,63,82,24,243388,10,210.0,2024,5,2024,5,6
96,12,97,62,242346,10,258.0,2023,6,2023,8,82
97,17,96,343,240407,10,262.0,2016,12,2018,4,474
98,3,102,87,236034,10,194.0,2023,3,2023,3,7
99,69,85,4,234781,10,223.0,2024,9,2024,10,10
100,2,69,57,233889,10,202.0,2023,10,2023,10,3
101,27,105,125,232666,10,240.0,2019,12,2024,10,1746
102,3,100,97,225327,10,149.0,2022,11,2022,12,39
103,1,-1,24,225151,10,282.0,2022,10,2022,11,6
104,23,109,17,223372,10,235.0,2024,8,2024,8,2
105,3,107,202,223050,10,200.0,2020,12,2020,12,4
106,37,95,87,221603,10,244.0,2022,1,2023,3,411
107,19,77,104,221354,10,218.0,2019,7,2022,11,1221
108,42,74,6,220553,10,159.0,2024,9,2024,9,8
109,109,153,3,220032,10,186.0,2024,10,2024,10,8
110,9,108,87,219038,10,142.0,2023,3,2023,3,7
111,111,166,2,216443,10,305.0,2024,10,2024,10,5
112,1,104,170,215712,10,240.0,2021,7,2021,8,5
113,7,103,102,215180,10,281.0,2022,11,2024,10,679
114,59,111,208,214482,10,200.0,2020,6,2020,7,48
115,1,119,184,213421,10,276.0,2021,4,2024,10,1251
116,44,106,38,212341,10,254.0,2023,10,2024,2,110
117,8,66,13,210188,10,199.0,2024,7,2024,8,8
118,13,123,106,209594,10,217.0,2020,6,2024,7,1482
119,7,120,56,209382,10,227.0,2023,10,2024,7,275
120,33,115,149,208061,10,254.0,2016,3,2021,8,1984
121,69,112,15,207738,10,180.0,2024,2,2024,2,10
122,4,110,132,206849,10,219.0,2022,4,2022,4,6
123,79,113,52,204238,10,206.0,2022,12,2023,9,290
124,1,121,323,203087,10,221.0,2018,8,2018,8,6
125,5,144,282,202950,10,260.0,2017,4,2024,10,2740
126,1,64,93,202003,10,168.0,2021,3,2021,3,6
127,11,122,221,200073,10,235.0,2024,6,2024,10,97
128,110,114,47,198405,10,206.0,2019,1,2023,12,1808
129,33,117,81,197619,10,216.0,2023,3,2023,4,26
130,3,135,80,196085,10,240.0,2023,4,2024,10,526
131,41,138,11,193258,10,232.0,2024,8,2024,8,3
132,62,141,106,192728,10,270.0,2022,3,2022,9,157
133,71,132,217,192462,10,218.0,2015,11,2024,10,3253
134,13,130,29,192344,10,288.0,2024,9,2024,10,4
135,12,118,17,191890,10,248.0,2024,6,2024,7,18
136,76,129,124,191685,10,283.0,2020,7,2020,7,10
137,27,116,174,191411,10,237.0,2021,6,2021,7,10
138,64,146,215,191303,10,237.0,2018,3,2024,8,2343
139,133,133,4,189088,10,274.0,2024,1,2024,8,208
140,122,134,12,188691,10,346.0,2023,3,2024,8,531
141,10,152,188,188423,10,234.0,2020,11,2021,3,128
142,134,151,7,183834,10,235.0,2024,7,2024,8,28
143,4,124,76,183820,10,161.0,2022,12,2023,1,6
144,6,162,58,183195,10,201.0,2023,9,2023,9,8
145,13,154,29,182108,10,223.0,2024,6,2024,6,2
146,8,140,18,180771,10,152.0,2024,6,2024,7,7
147,13,147,28,180359,10,175.0,2024,8,2024,10,39
148,65,125,6,178936,10,160.0,2024,9,2024,9,8
149,1,143,262,177150,10,253.0,2019,10,2019,10,10
150,22,142,217,177112,10,259.0,2019,4,2024,10,1997
151,11,126,13,175634,10,183.0,2024,8,2024,8,6
152,11,155,50,175109,10,304.0,2023,11,2023,11,11
153,79,128,5,174931,10,228.0,2024,9,2024,10,6
154,87,158,174,174739,10,244.0,2021,6,2022,3,269
155,18,167,75,173341,10,180.0,2022,1,2023,6,487
156,77,127,42,172746,10,168.0,2023,10,2024,1,92
157,139,150,21,172666,10,234.0,2017,5,2024,4,2528
158,61,139,6,172506,10,169.0,2024,9,2024,9,8
159,54,163,19,170570,10,276.0,2024,6,2024,6,7
160,1,174,117,169569,10,258.0,2022,9,2022,9,6
161,109,136,29,169389,10,255.0,2023,5,2023,12,212
162,61,-1,8,169086,10,204.0,2024,8,2024,9,9
163,32,179,77,166881,10,206.0,2021,4,2021,4,7
164,9,145,46,166612,10,134.0,2023,12,2023,12,4
165,73,148,68,166589,10,227.0,2017,4,2024,10,2740
166,8,185,45,165662,10,195.0,2023,12,2023,12,10
167,10,192,38,165575,10,183.0,2023,11,2024,1,35
168,2,93,128,164492,10,207.0,2021,3,2021,3,6
169,10,149,253,163762,10,222.0,2019,12,2019,12,13
170,4,161,105,163332,10,257.0,2022,11,2022,11,0
171,160,160,2,162271,10,227.0,2014,11,2014,11,6
172,35,172,231,161563,10,259.0,2018,3,2018,11,219
173,36,176,99,161099,10,261.0,2022,7,2023,6,325
174,24,137,81,160451,10,214.0,2022,7,2022,8,4
175,31,157,12,160419,10,218.0,2022,10,2022,11,24
176,1,-1,282,159975,10,276.0,2019,1,2024,10,2100
177,15,184,249,159877,10,215.0,2018,4,2020,7,830
178,152,168,7,158461,10,355.0,2019,12,2024,9,1735
179,51,131,123,158191,10,120.0,2019,12,2021,8,607
180,59,159,11,157347,10,333.0,2024,8,2024,8,3
181,19,183,83,157310,10,277.0,2022,9,2022,9,6
182,20,170,121,155658,10,231.0,2018,1,2022,6,1620
183,183,-1,1,154746,10,177.0,2024,10,2024,10,3
184,6,188,91,154736,10,154.0,2022,12,2022,12,7
185,27,178,192,154582,10,269.0,2021,2,2021,2,7
186,21,197,180,153147,10,376.0,2017,8,2024,10,2612
187,3,165,42,152702,10,195.0,2023,12,2023,12,4
188,33,182,96,152147,10,302.0,2022,5,2022,12,223
189,6,180,92,150731,10,271.0,2023,1,2023,1,8
190,48,177,16,150713,10,214.0,2024,8,2024,8,2
191,46,175,99,150151,10,245.0,2021,8,2022,12,501
192,41,-1,8,149919,10,314.0,2024,8,2024,8,5
193,8,-1,78,148443,10,197.0,2022,8,2024,10,775
194,56,196,39,147106,10,233.0,2024,1,2024,2,28
195,140,156,35,146410,10,229.0,2022,12,2023,5,144
196,85,187,28,145969,10,191.0,2019,12,2020,12,349
197,114,191,67,145160,10,287.0,2016,10,2024,10,2909
198,1,-1,168,145003,10,172.0,2021,6,2021,6,6
199,174,-1,5,143566,10,224.0,2024,3,2024,9,202
200,200,-1,1,143534,10,158.0,2024,10,2024,10,7
